CREATE DATABASE  IF NOT EXISTS `make_friend` /*!40100 DEFAULT CHARACTER SET utf8mb4 COLLATE utf8mb4_0900_ai_ci */ /*!80016 DEFAULT ENCRYPTION='N' */;
USE `make_friend`;
-- MySQL dump 10.13  Distrib 8.0.32, for Win64 (x86_64)
--
-- Host: localhost    Database: make_friend
-- ------------------------------------------------------
-- Server version	8.0.32

/*!40101 SET @OLD_CHARACTER_SET_CLIENT=@@CHARACTER_SET_CLIENT */;
/*!40101 SET @OLD_CHARACTER_SET_RESULTS=@@CHARACTER_SET_RESULTS */;
/*!40101 SET @OLD_COLLATION_CONNECTION=@@COLLATION_CONNECTION */;
/*!50503 SET NAMES utf8 */;
/*!40103 SET @OLD_TIME_ZONE=@@TIME_ZONE */;
/*!40103 SET TIME_ZONE='+00:00' */;
/*!40014 SET @OLD_UNIQUE_CHECKS=@@UNIQUE_CHECKS, UNIQUE_CHECKS=0 */;
/*!40014 SET @OLD_FOREIGN_KEY_CHECKS=@@FOREIGN_KEY_CHECKS, FOREIGN_KEY_CHECKS=0 */;
/*!40101 SET @OLD_SQL_MODE=@@SQL_MODE, SQL_MODE='NO_AUTO_VALUE_ON_ZERO' */;
/*!40111 SET @OLD_SQL_NOTES=@@SQL_NOTES, SQL_NOTES=0 */;

--
-- Table structure for table `chat_list`
--

DROP TABLE IF EXISTS `chat_list`;
/*!40101 SET @saved_cs_client     = @@character_set_client */;
/*!50503 SET character_set_client = utf8mb4 */;
CREATE TABLE `chat_list` (
  `list_id` int NOT NULL AUTO_INCREMENT,
  `link_id` int DEFAULT NULL,
  `from_user` int DEFAULT NULL,
  `to_user` int DEFAULT NULL,
  `from_window` int DEFAULT NULL,
  `to_window` int DEFAULT NULL,
  `unread` int DEFAULT NULL,
  `status` int DEFAULT NULL,
  PRIMARY KEY (`list_id`),
  KEY `list_link_id_idx` (`link_id`),
  KEY `list_from_user_idx` (`from_user`),
  KEY `list_to_user_idx` (`to_user`),
  CONSTRAINT `list_from_user` FOREIGN KEY (`from_user`) REFERENCES `user` (`id`),
  CONSTRAINT `list_link_id` FOREIGN KEY (`link_id`) REFERENCES `chat_user_link` (`link_id`),
  CONSTRAINT `list_to_user` FOREIGN KEY (`to_user`) REFERENCES `user` (`id`)
) ENGINE=InnoDB DEFAULT CHARSET=utf8mb4 COLLATE=utf8mb4_0900_ai_ci;
/*!40101 SET character_set_client = @saved_cs_client */;

--
-- Dumping data for table `chat_list`
--

LOCK TABLES `chat_list` WRITE;
/*!40000 ALTER TABLE `chat_list` DISABLE KEYS */;
/*!40000 ALTER TABLE `chat_list` ENABLE KEYS */;
UNLOCK TABLES;

--
-- Table structure for table `chat_message`
--

DROP TABLE IF EXISTS `chat_message`;
/*!40101 SET @saved_cs_client     = @@character_set_client */;
/*!50503 SET character_set_client = utf8mb4 */;
CREATE TABLE `chat_message` (
  `message_id` int NOT NULL AUTO_INCREMENT,
  `link_id` int DEFAULT NULL,
  `from_user` int DEFAULT NULL,
  `to_user` int DEFAULT NULL,
  `type` int DEFAULT NULL,
  `is_latest` int DEFAULT NULL,
  `send_time` varchar(45) DEFAULT NULL,
  `content` varchar(255) DEFAULT NULL,
  `media` mediumblob,
  PRIMARY KEY (`message_id`),
  KEY `mess_link_id_idx` (`link_id`),
  KEY `mess_from_user_idx` (`from_user`),
  KEY `mess_to_user_idx` (`to_user`),
  CONSTRAINT `mess_from_user` FOREIGN KEY (`from_user`) REFERENCES `user` (`id`),
  CONSTRAINT `mess_link_id` FOREIGN KEY (`link_id`) REFERENCES `chat_user_link` (`link_id`),
  CONSTRAINT `mess_to_user` FOREIGN KEY (`to_user`) REFERENCES `user` (`id`)
) ENGINE=InnoDB AUTO_INCREMENT=10 DEFAULT CHARSET=utf8mb4 COLLATE=utf8mb4_0900_ai_ci;
/*!40101 SET character_set_client = @saved_cs_client */;

--
-- Dumping data for table `chat_message`
--

LOCK TABLES `chat_message` WRITE;
/*!40000 ALTER TABLE `chat_message` DISABLE KEYS */;
INSERT INTO `chat_message` VALUES (1,1,1,2,0,0,'2023-05-18 21:52:23','我是小明',NULL),(2,1,1,2,1,0,'2023-05-18 21:53:08',NULL,_binary 'PNG\r\n\Z\n\0\0\0\rIHDR\0\0\0\0\0v\0\0\0\\\\\0\0\0sRGB\0\\\0\0IDATx^\U\d;D\\*$\uuY\º\\d&$X4\nN2C\1\n,kX\\,\˪p\WW>Ѐ L$\\\걻\DI\NΡ\u\\\߽\!  $AV!  Pp\0	\0	$\"@+\0	\0	Pp\0	\0	$\"@+\0	\0	Pp\0	\0	$\"@+\0	\0	Pp\0	\0	$\"@+\0	\0	Pp\0	\0	$\"@+\0	\0	Pp\0	\0	$\"@+\0	\0	Pp\0	\0	$\"@+\0	\0	Pp\0	\0	$\"@+\0	\0	Pp\0	\0	$\"@+\0	\0	Pp\0	\0	$\"@+\0	\0	Pp\0	\0	$\"@+\0	\0	Pp\0	\0	$\"@+\0	\0	Pp\0	\0	$\"@+%  ]\hX~y\[j9\\\0	\yhV\fΩꥎj\R\\Ʋ?j9lG]x-\{TMD\0\ݝc\VE\t\\|Kd\o\C-lE\k\f\!/E\d\v@?I\˿)cߦ\$l\_o\\,rF(di~tݖ\%\Y)tU,\\\0:YF-߻cb|\\04\'ޛ\BpIn\fc\0\˂VHz\',k	JG?Ks\ԎѮ`\D\\O\r=t@\͉g{2Im=*+\ٛY7F]I:^-{@8*SQY81\\1\`D\ n\HfGU\\\0\>@ʱ\0fxk\bb\ix\\wcw\\\M\F\ѯ\\GO<3]\iVȔcN8K\\!:|s:)-ʓ*~~d\z8m@UU~\r\ݒ}6XX\(@Z\r\ Г\H;\\Uca\Wz\\\\WU/g,\\>\'\ؐ\u\چ\\)o@\ZB\w\W\\쾨5\xv\\\0Ue}㪜\\\\\0;g\^\\n\0|Ol,ؼ~{{2g\r\=Y\"гNUQ|._\N&\Z+,(@^l@ǣ\c$\U\\iv-\=\B\?Y{[a\`N\rFh_\\Z\&qr\\>\=Uo\\;W;\#Wd;nQ`q\\\b\?~f9\\\79\zԼC\\\\{f_\\cw;\.\5fG,]\k\'9hut\œQO\\U|W\;gbtö$眵\\\BCG\A\\h\\&禮V\\lW:\^\r`\nesML\l\g0n)\?_ \\0bC`m\>;s[}eyDfA\\\<gH*\?ҽǩӠ؞\\|#`Y4\\0fG\\-ps[7kOs\\\\e{\\Ua\/\;{g9;\\C\Ig_:^\˱@s\?v\#q\	Ɨԅ\'\1\\\Dԃ~e\\Џ23\\\\a\8@:\B3ߗ\Gf\+D\:lV\?\v3WP}\z=\F\Gl\\j\\i\!\\'\JW\YG\㖅\\Yaӭd;2w r\l{\\Z+ޒ\_mfwsW\\u\"8/V5t8\ʹ\ѣEO\5As_\({Z\*Dw\h\9$\\\և\X{Ξ\W_\Uz_\kƙT\\\\\-M	/5A\Blj&V\?\}	775\OOݕgJv+C\Ȑqf\\[.=\mh\x\s\\lwjz^}-\\J@>\l\^`N\r\v1*B\\g;\'\6R\'U8\\nb\0(72tEEu\γ!r%oj\={\.kcԌ\nQT\\`Y\\\nhD^\0p|SY8sɶ\0i%M5@e))->\\\@!U1j#\5ϵ.ܷu\Owd0\0\$\n\*yDN p.\r̍u@k\=_4PɼN~\\)\P\\K.Eq\s\\ZB\\I_e\\غ\W\䬓9\s\79\BWT*	\\\\\\\nv\^?D{x]\D|C\ 1D\퀾V!`sεR\\\]n\74\nT\?[\(>\\0^[\\9B\7\\*\I;\Yyw\j\Y\05]QѷoԲSa\\^812Ճ)D(@V ~ (NQc+^l\\\֚[\1Å\8f\\.0k	yЙ\~\ǹ\\?UݐQ\x\"l*Q<h;n\\"<Y\n\,\XsweR,n0\	aN\1T`aY;\\#媛7\M~\{έQ\\\\\]e|\*Nt:U`<\\&]V\\\7P\Zu\[Ɗ/t\Ί\}M\\hbaݟ\Wަ>ff\\\\[\zu+\Zy	\-J\\\\S$\:4o0:t7\ś?Ił}\\h\ZI/\\\0N\\E%(o;\nnf_+ʣ\3W\/\\	pNz^c]\gY\\{\\r>]\_*̂;u@,\nZS+OV\\UY9\]W\.\n\\"N ҵ`՟[b}#/\Ǣ*ʙx\Ĭ\n\U#\V^.! \\\t\8ۗ.籉\\/\}&ߨe\5\w\0\\szbW\D%Q\\ 	J<I\	@\n\dC?Jo\=>ecٟ\\*-Ϻ_\\i\E\T\xv\IW\%n:\,<nk7vQڂ*V\ۼ\\"jlg ib*az;\mw_	ȥ\IQx.2<\5>7`rZX]\R5J*\\\`Yɮ\\[R V\30P!Z~\槶V{SBmQ\'dGS*B\,m@G\`1\\?RKzf\a\ͯ6/\\JO\012rkw\S\v_/\\%ݿ\Z\PMSq06\Ⱥ\.\\12u&S)O\\\G}\\\ޔ\\-MRp\`kU\xOȧa\Pp*\\\0\&\\^s\ܓ\\?=R\Z\\p\f!\˭22\\mڛ.H\nP\0\"IiG\捋iAݬ*.2ǢY\΍3nd#\"A\\\'*\#iZ\^0F\\Fh)T&ԤSI \>4x59Ff\spda\Zz\!\\\'rcC_VeE\\Zo\\3\s|\Q9\\\0\\\l\K\8\fX\f#\F]\\wr\QD@\"\\?b/n\8\bW\Z\\So\\\\q\0\\\Tf\\&\FB5Ћ\/wޗv\\u)ͧ%\2}@&\7\zcf\'qg\k\\&\ޓ< )o\\]~9]9\.:,^\1wm^\kx4mV1\\R*&TF^>-EcCTmv\lG\pj~7c(1ۡW\xo\\" Q`3\?j濪\\\֔)\\\\\g	67v\\Tf-Ⱦ\פN7\`G\rN`HL&(@:oĨ*T\-^{d\]n\fsqn\Mo\U\\[N\^0\\"q\u,\nS\03L\w*D?a@\?;6j4Kv_\#r\Ez\}9 qf\4M\\&#~>禮L;ŀ|&\ ΢2w\D\2AuҮT-稲j6*0)\\\'a&8}\[\No\|ml\r\\q޵[%\MV\\ic\\"/\'@@2}KTqKAxK\|*kFp\غѩ\T<}NX\&\0IX!\1\\\­\)\>\牳t\rtkg2\\\B8\0\ǵ\r\T\\\xן۲\	\?#ΰi߷L{0N\RBd\\F\i\Tg\\'\m\tF&T\7;_X^+\"?A)>w>C7\fѱ\\aY\)]۪:-\J\Մ%zQT+MzI.3=\?cďD\nb\\l*_\9.Ŧ\-}=kn\sQW\Ay\W\\?ESaoyJ\rV\1#\n\V/ȏ\̌ \̂@dD7\\vQw4޶\$,\ÍGWx@![\"}\76\?`n\\:z\\\۶?35xW1^9{\0\ߵ\\\{\"UauBȏHpx51	\g;\HB\^\?]#{y\f\6o/z9i.)\ܦl	b0\?թ̂\#ݾ2H*)@\\Zl@\zY\ūOݫ0;v\ޘ˥2]SGeI^D-*a\nkԘ/r}\\e\\&#gRcAUoY\n	<f\\L\\\>\r\\1{rʞ[b\OnZ\\9S˃T\fA\]ueYfD\.\hxoQ-9nD{TdYX{sׄ\n\=6a\'3}U\ih@?Sb,C\Jl\h\C\\Z\[\{*斻K\^=\\-lQ\"*,g\ ?\'|\[49>?\;I\nׅl^(ATn\YT\N4x\+P<\\nߢ9(w\Dߒ/枊\Ud~l\hIS\\\\5\r\r&\GEͷJ]b\\p~tǚR\\T	)\\G*\ȓ]\\\6\P6\\l\J\np+oB7;ϊH\&\#Qd~X*=t\ݶ1XUpR\0\\MWM`\o}(\\n}Q;\T\Q\\{T\EhX#\o\Çե\"SV\Ho\\nќzrrM+\ϯ{(\; 8<E|*\\8 #\Z\#1jbu<se\0ĵ\IpgM>HK0f\qv\&\T\ӞO\n\i5L\V\\:iE\\}\"rmx\\k\SgV\n\^okNi\'\	.ݻu\g%\.^mP`g~BČM\\\>\kKt\p\\rq\\\=P1\\\~TX\y}1ܬ+b`As\1\D~\L_ˑ\\nT\&\e\n^\T*\nN\S\\}\ad\n\ĭ\p>\\\j\$\_q~T\;!\"?:|9\*]v?\\ZIf\Q$\Q{\"\)\T\\n\\\\,L\xg\\7H\\(pyɘjv\'˪S\7x,qa\\\zS\H<ʓ\\Wk\{V\B\R\U	\@\w\\r촁\\\\\'uT2/qL\\ͽ,\l\\r+r?T\ڄ\n(`d\X>+o\\%K5.N)|U,/eV.g\X^(@~\\w6k0\\v2`A.U(Iw]~\'wp!S>ΥE&\/0˧j=ӋJg\3\0b.)\Bp\\s}\O\u\ӻߩ鲎y%\Ga\\EoԳ+j\\I\\\{\N5\\rgY)Yթs=\\\\u\/Ee\SU,\'g\\QtL&uen}O8s%\\-a\\_\0\2/.Ku^ya\\:3{\\"zO\\\)Hg%\9D.\mޥ\"tM\M]uQ\v\\\"-*\cX&\\\vLه}e\u\V\\\2_e\\ڮm6oKʅ\n\\\\'ǆ\%\\'PWj\t\\C+2?Ϲ:wugCCЮJ|3\0\\v\ X+\\y-o\\x1\Df(E\qOd>\\TG%g.zLT`G\~\b\0a\(W\x\9ɺlNsu\0~5\7ss\Ï\\L*ĉ!q߶T \f\\n_\r\\0yu<\r\si쁖\09P?MYGt\_aca0EqFy\\\\(\j:݋PE:-\\":\<N-\\)Eި;ALk/)w\\>}3aw$]\\7\}E_`k2uQq-g&v9Ɖ~Ԓ\nP`q\G!\\8y\g>=\\ӽ\"j.*ߝ7j\Pܜ\\[#_\tfUQ\~\]\1Yb\rT\\Ҩ\T\Un\\\8c0>\" \	\ +\ZQyۥT&`xO*\\r\^Cb뇡~\0\+˓e2\>wyGu\"\K3!0\s`\^)\PH\nQ,\so\RHlwMIŪlr/\\;;\S\Gj\{\nŃ\"zon|؂4@\zdQ5j\S\@M9i\0{\m\\Ef\\\\=MM\Zp\r2%xqߤ\\rbR6\x\vg\\5o\\\lC2\'<< \~kb|\Φy\\G\2 	\Z	\0	;\nv?	\0	$$@\0	@\0i\0	@B 	\Z	\0	;\nv?	\0	$$@\0	@\0i\0	@B 	\Z	\0	;\nv?	\0	$$@\0	@\0i\0	@B 	\Z	\0	;\nv?	\0	$$@\0	@\0i\0	@B 	\Z	\0	;\nv?	\0	$$@\0	@\0i\0	@B 	\Z	\0	;\nv?	\0	$$@\0	@\0i\0	@B 	\Z	\0	;\nv?	\0	$$@\0	@\0i\0	@B 	\Z	\0	;\nv?	\0	$$@\0	@\0i\0	@B 	\Z	\0	;(@T\0\v\\0	B\ \nC\A$@$`Pp\0	\0	$\"@+\0	\0	Pp\0	\0	$\"@+\0	\0	Pp\0	\0	$\"@+\0	\0	Pp\0	\0	$\"@+\0	\0	Pp\0	\0	$\"@+\0	\0	Pp\0	\0	$\"@+\0	\0	Pp\0	\0	$\"@+\0	\0	Pp\0	\0	$\"@+\0	\0	Pp\0	\0	$\"PO\\rO\0HH^\	#f8\PHD\\\\0\0\0\\\\\\06\\'\0\0TG\0^ \r`\_d\q 8\	4 o\P0t0[tx\0`tݡ09@>\(\0?	)oLi{>\\O\9< x\h$@̩OFeN#LB\k \b~3\\	쐌9q\x1<aSo.\ri\;\q v!׈F\0G\CuT0\8IHj+@HH*PpB\0	\0	$\"@+\0	\0	\\ZaIa\0\0\0\0IENDB`'),(3,1,1,2,2,0,'2023-05-18 21:53:17',NULL,_binary 'RIFF$ \0WAVEfmt \0\0\0\0\0\0\0\0w\0\0\0data\0 \0\0\0\0\0\0\0\0\0\0\0\0\0\0\0\0\0\0\0\0\0\0\0\0\0\0\0\0\0\0\0\0\0\0\0\0\0\0\0\0\0\0\0\0\0\0\0\0\0\0\0\0\0\0\0\0\0\0\0\0\0\0\0\0\0\0\0\0\0\0\0\0\0\0\0\0\0\0\0\0\0\0\0\0\0\0\0\0\0\0\0\0\0\0\0\0\0\0\0\0\0\0\0\0\0\0\0\0\0\0\0\0\0\0\0\0\0\0\0\0\0\0\0\0\0\0\0\0\0\0\0\0\0\0\0\0\0\0\0\0\0\0\0\0\0\0\0\0\0\0\0\0\0\0\0\0\0\0\0\0\0\0\0\0\0\0\0\0\0\0\0\0\0\0\0\0\0\0\0\0\0\0\0\0\0\0\0\0\0\0\0\0\0\0\0\0\0\0\0\0\0\0\0\0\0\0\0\0\0\0\0\0\0\0\0\0\0\0\0\0\0\0\0\0\0\0\0\0\0\0\0\0\0\0\0\0\0\0\0\0\0\0\0\0\0\0\0\0\0\0\0\0\0\0\0\0\0\0\0\0\0\0\0\0\0\0\0\0\0\0\0\0\0\0\0\0\0\0\0\0\0\0\0\0\0\0\0\0\0\0\0\0\0\0\0\0\0\0\0\0\0\0\0\0\0\0\0\0\0\0\0\0\0\0\0\0\0\0\0\0\0\0\0\0\0\0\0\0\0\0\0\0\0\0\0\0\0\0\0\0\0\0\0\0\0\0\0\0\0\0\0\0\0\0\0\0\0\0\0\0\0\0\0\0\0\0\0\0\0\0\0\0\0\0\0\0\0\0\0\0\0\0\0\0\0\0\0\0\0\0\0\0\0\0\0\0\0\0\0\0\0\0\0\0\0\0\0\0\0\0\0\0\0\0\0\0\0\0\0\0\0\0\0\0\0\0\0\0\0\0\0\0\0\0\0\0\0\0\0\0\0\0\0\0\0\0\0\0\0\0\0\0\0\0\0\0\0\0\0\0\0\0\0\0\0\0\0\0\0\0\0\0\0\0\0\0\0\0\0\0\0\0\0\0\0\0\0\0\0\0\0\0\0\0\0\0\0\0\0\0\0\0\0\0\0\0\0\0\0\0\0\0\0\0\0\0\0\0\0\0\0\0\0\0\0\0\0\0\0\0\0\0\0\0\0\0\0\0\0\0\0\0\0\0\0\0\0\0\0\0\0\0\0\0\0\0\0\0\0\0\0\0\0\0\0\0\0\0\0\0\0\0\0\0\0\0\0\0\0\0\0\0\0\0\0\0\0\0\0\0\0\0\0\0\0\0\0\0\0\0\0\0\0\0\0\0\0\0\0\0\0\0\0\0\0\0\0\0\0\0\0\0\0\0\0\0\0\0\0\0\0\0\0\0\0\0\0\0\0\0\0\0\0\0\0\0\0\0\0\0\0\0\0\0\0\0\0\0\0\0\0\0\0\0\0\0\0\0\0\0\0\0\0\0\0\0\0\0\0\0\0\0\0\0\0\0\0\0\0\0\0\0\0\0\0\0\0\0\0\0\0\0\0\0\0\0\0\0\0\0\0\0\0\0\0\0\0\0\0\0\0\0\0\0\0\0\0\0\0\0\0\0\0\0\0\0\0\0\0\0\0\0\0\0\0\0\0\0\0\0\0\0\0\0\0\0\0\0\0\0\0\0\0\0\0\0\0\0\0\0\0\0\0\0\0\0\0\0\0\0\0\0\0\0\0\0\0\0\0\0\0\0\0\0\0\0\0\0\0\0\0\0\0\0\0\0\0\0\0\0\0\0\0\0\0\0\0\0\0\0\0\0\0\0\0\0\0\0\0\0\0\0\0\0\0\0\0\0\0\0\0\0\0\0\0\0\0\0\0\0\0\0\0\0\0\0\0\0\0\0\0\0\0\0\0\0\0\0\0\0\0\0\0\0\0\0\0\0\0\0\0\0\0\0\0\0\0\0\0\0\0\0\0\0\0\0\0\0\0\0\0\0\0\0\0\0\0\0\0\0\0\0\0\0\0\0\0\0\0\0\0\0\0\0\0\0\0\0\0\0\0\0\0\0\0\0\0\0\0\0\0\0\0\0\0\0\0\0\0\0\0\0\0\0\0\0\0\0\0\0\0\0\0\0\0\0\0\0\0\0\0\0\0\0\0\0\0\0\0\0\0\0\0\0\0\0\0\0\0\0\0\0\0\0\0\0\0\0\0\0\0\0\0\0\0\0\0\0\0\0\0\0\0\0\0\0\0\0\0\0\0\0\0\0\0\0\0\0\0\0\0\0\0\0\0\0\0\0\0\0\0\0\0\0\0\0\0\0\0\0\0\0\0\0\0\0\0\0\0\0\0\0\0\0\0\0\0\0\0\0\0\0\0\0\0\0\0\0\0\0\0\0\0\0\0\0\0\0\0\0\0\0\0\0\0\0\0\0\0\0\0\0\0\0\0\0\0\0\0\0\0\0\0\0\0\0\0\0\0\0\0\0\0\0\0\0\0\0\0\0\0\0\0\0\0\0\0\0\0\0\0\0\0\0\0\0\0\0\0\0\0\0\0\0\0\0\0\0\0\0\0\0\0\0\0\0\0\0\0\0\0\0\0\0\0\0\0\0\0\0\0\0\0\0\0\0\0\0\0\0\0\0\0\0\0\0\0\0\0\0\0\0\0\0\0\0\0\0\0\0\0\0\0\0\0\0\0\0\0\0\0\0\0\0\0\0\0\0\0\0\0\0\0\0\0\0\0\0\0\0\0\0\0\0\0\0\0\0\0\0\0\0\0\0\0\0\0\0\0\0\0\0\0\0\0\0\0\0\0\0\0\0\0\0\0\0\0\0\0\0\0\0\0\0\0\0\0\0\0\0\0\0\0\0\0\0\0\0\0\0\0\0\0\0\0\0\0\0\0\0\0\0\0\0\0\0\0\0\0\0\0\0\0\0\0\0\0\0\0\0\0\0\0\0\0\0\0\0\0\0\0\0\0\0\0\0\0\0\0\0\0\0\0\0\0\0\0\0\0\0\0\0\0\0\0\0\0\0\0\0\0\0\0\0\0\0\0\0\0\0\0\0\0\0\0\0\0\0\0\0\0\0\0\0\0\0\0\0\0\0\0\0\0\0\0\0\0\0\0\0\0\0\0\0\0\0\0\0\0\0\0\0\0\0\0\0\0\0\0\0\0\0\0\0\0\0\0\0\0\0\0\0\0\0\0\0\0\0\0\0\0\0\0\0\0\0\0\0\0\0\0\0\0\0\0\0\0\0\0\0\0\0\0\0\0\0\0\0\0\0\0\0\0\0\0\0\0\0\0\0\0\0\0\0\0\0\0\0\0\0\0\0\0\0\0\0\0\0\0\0\0\0\0\0\0\0\0\0\0\0\0\0\0\0\0\0\0\0\0\0\0\0\0\0\0\0\0\0\0\0\0\0\0\0\0\0\0\0\0\0\0\0\0\0\0\0\0\0\0\0\0\0\0\0\0\0\0\0\0\0\0\0\0\0\0\0\0\0\0\0\0\0\0\0\0\0\0\0\0\0\0\0\0\0\0\0\0\0\0\0\0\0\0\0\0\0\0\0\0\0\0\0\0\0\0\0\0\0\0\0\0\0\0\0\0\0\0\0\0\0\0\0\0\0\0\0\0\0\0\0\0\0\0\0\0\0\0\0\0\0\0\0\0\0\0\0\0\0\0\0\0\0\0\0\0\0\0\0\0\0\0\0\0\0\0\0\0\0\0\0\0\0\0\0\0\0\0\0\0\0\0\0\0\0\0\0\0\0\0\0\0\0\0\0\0\0\0\0\0\0\0\0\0\0\0\0\0\0\0\0\0\0\0\0\0\0\0\0\0\0\0\0\0\0\0\0\0\0\0\0\0\0\0\0\0\0\0\0\0\0\0\0\0\0\0\0\0\0\0\0\0\0\0\0\0\0\0\0\0\0\0\0\0\0\0\0\0\0\0\0\0\0\0\0\0\0\0\0\0\0\0\0\0\0\0\0\0\0\0\0\0\0\0\0\0\0\0\0\0\0\0\0\0\0\0\0\0\0\0\0\0\0\0\0\0\0\0\0\0\0\0\0\0\0\0\0\0\0\0\0\0\0\0\0\0\0\0\0\0\0\0\0\0\0\0\0\0\0\0\0\0\0\0\0\0\0\0\0\0\0\0\0\0\0\0\0\0\0\0\0\0\0\0\0\0\0\0\0\0\0\0\0\0\0\0\0\0\0\0\0\0\0\0\0\0\0\0\0\0\0\0\0\0\0\0\0\0\0\0\0\0\0\0\0\0\0\0\0\0\0\0\0\0\0\0\0\0\0\0\0\0\0\0\0\0\0\0\0\0\0\0\0\0\0\0\0\0\0\0\0\0\0\0\0\0\0\0\0\0\0\0\0\0\0\0\0\0\0\0\0\0\0\0\0\0\0\0\0\0\0\0\0\0\0\0\0\0\0\0\0\0\0\0\0\0\0\0\0\0\0\0\0\0\0\0\0\0\0\0\0\0\0\0\0\0\0\0\0\0\0\0\0\0\0\0\0\0\0\0\0\0\0\0\0\0\0\0\0\0\0\0\0\0\0\0\0\0\0\0\0\0\0\0\0\0\0\0\0\0\0\0\0\0\0\0\0\0\0\0\0\0\0\0\0\0\0\0\0\0\0\0\0\0\0\0\0\0\0\0\0\0\0\0\0\0\0\0\0\0\0\0\0\0\0\0\0\0\0\0\0\0\0\0\0\0\0\0\0\0\0\0\0\0\0\0\0\0\0\0\0\0\0\0\0\0\0\0\0\0\0\0\0\0\0\0\0\0\0\0\0\0\0\0\0\0\0\0\0\0\0\0\0\0\0\0\0\0\0\0\0\0\0\0\0\0\0\0\0\0\0\0\0\0\0\0\0\0\0\0\0\0\0\0\0\0\0\0\0\0\0\0\0\0\0\0\0\0\0\0\0\0\0\0\0\0\0\0\0\0\0\0\0\0\0\0\0\0\0\0\0\0\0\0\0\0\0\0\0\0\0\0\0\0\0\0\0\0\0\0\0\0\0\0\0\0\0\0\0\0\0\0\0\0\0\0\0\0\0\0\0\0\0\0\0\0\0\0\0\0\0\0\0\0\0\0\0\0\0\0\0\0\0\0\0\0\0\0\0\0\0\0\0\0\0\0\0\0\0\0\0\0\0\0\0\0\0\0\0\0\0\0\0\0\0\0\0\0\0\0\0\0\0\0\0\0\0\0\0\0\0\0\0\0\0\0\0\0\0\0\0\0\0\0\0\0\0\0\0\0\0\0\0\0\0\0\0\0\0\0\0\0\0\0\0\0\0\0\0\0\0\0\0\0\0\0\0\0\0\0\0\0\0\0\0\0\0\0\0\0\0\0\0\0\0\0\0\0\0\0\0\0\0\0\0\0\0\0\0\0\0\0\0\0\0\0\0\0\0\0\0\0\0\0\0\0\0\0\0\0\0\0\0\0\0\0\0\0\0\0\0\0\0\0\0\0\0\0\0\0\0\0\0\0\0\0\0\0\0\0\0\0\0\0\0\0\0\0\0\0\0\0\0\0\0\0\0\0\0\0\0\0\0\0\0\0\0\0\0\0\0\0\0\0\0\0\0\0\0\0\0\0\0\0\0\0\0\0\0\0\0\0\0\0\0\0\0\0\0\0\0\0\0\0\0\0\0\0\0\0\0\0\0\0\0\0\0\0\0\0\0\0\0\0\0\0\0\0\0\0\0\0\0\0\0\0\0\0\0\0\0\0\0\0\0\0\0\0\0\0\0\0\0\0\0\0\0\0\0\0\0\0\0\0\0\0\0\0\0\0\0\0\0\0\0\0\0\0\0\0\0\0\0\0\0\0\0\0\0\0\0\0\0\0\0\0\0\0\0\0\0\0\0\0\0\0\0\0\0\0\0\0\0\0\0\0\0\0\0\0\0\0\0\0\0\0\0\0\0\0\0\0\0\0\0\0\0\0\0\0\0\0\0\0\0\0\0\0\0\0\0\0\0\0\0\0\0\0\0\0\0\0\0\0\0\0\0\0\0\0\0\0\0\0\0\0\0\0\0\0\0\0\0\0\0\0\0\0\0\0\0\0\0\0\0\0\0\0\0\0\0\0\0\0\0\0\0\0\0\0\0\0\0\0\0\0\0\0\0\0\0\0\0\0\0\0\0\0\0\0\0\0\0\0\0\0\0\0\0\0\0\0\0\0\0\0\0\0\0\0\0\0\0\0\0\0\0\0\0\0\0\0\0\0\0\0\0\0\0\0\0\0\0\0\0\0\0\0\0\0\0\0\0\0\0\0\0\0\0\0\0\0\0\0\0\0\0\0\0\0\0\0\0\0\0\0\0\0\0\0\0\0\0\0\0\0\0\0\0\0\0\0\0\0\0\0\0\0\0\0\0\0\0\0\0\0\0\0\0\0\0\0\0\0\0\0\0\0\0\0\0\0\0\0\0\0\0\0\0\0\0\0\0\0\0\0\0\0\0\0\0\0\0\0\0\0\0\0\0\0\0\0\0\0\0\0\0\0\0\0\0\0\0\0\0\0\0\0\0\0\0\0\0\0\0\0\0\0\0\0\0\0\0\0\0\0\0\0\0\0\0\0\0\0\0\0\0\0\0\0\0\0\0\0\0\0\0\0\0\0\0\0\0\0\0\0\0\0\0\0\0\0\0\0\0\0\0\0\0\0\0\0\0\0\0\0\0\0\0\0\0\0\0\0\0\0\0\0\0\0\0\0\0\0\0\0\0\0\0\0\0\0\0\0\0\0\0\0\0\0\0\0\0\0\0\0\0\0\0\0\0\0\0\0\0\0\0\0\0\0\0\0\0\0\0\0\0\0\0\0\0\0\0\0\0\0\0\0\0\0\0\0\0\0\0\0\0\0\0\0\0\0\0\0\0\0\0\0\0\0\0\0\0\0\0\0\0\0\0\0\0\0\0\0\0\0\0\0\0\0\0\0\0\0\0\0\0\0\0\0\0\0\0\0\0\0\0\0\0\0\0\0\0\0\0\0\0\0\0\0\0\0\0\0\0\0\0\0\0\0\0\0\0\0\0\0\0\0\0\0\0\0\0\0\0\0\0\0\0\0\0\0\0\0\0\0\0\0\0\0\0\0\0\0\0\0\0\0\0\0\0\0\0\0\0\0\0\0\0\0\0\0\0\0\0\0\0\0\0\0\0\0\0\0\0\0\0\0\0\0\0\0\0\0\0\0\0\0\0\0\0\0\0\0\0\0\0\0\0\0\0\0\0\0\0\0\0\0\0\0\0\0\0\0\0\0\0\0\0\0\0\0\0\0\0\0\0\0\0\0\0\0\0\0\0\0\0\0\0\0\0\0\0\0\0\0\0\0\0\0\0\0\0\0\0\0\0\0\0\0\0\0\0\0\0\0\0\0\0\0\0\0\0\0\0\0\0\0\0\0\0\0\0\0\0\0\0\0\0\0\0\0\0\0\0\0\0\0\0\0\0\0\0\0\0\0\0\0\0\0\0\0\0\0\0\0\0\0\0\0\0\0\0\0\0\0\0\0\0\0\0\0\0\0\0\0\0\0\0\0\0\0\0\0\0\0\0\0\0\0\0\0\0\0\0\0\0\0\0\0\0\0\0\0\0\0\0\0\0\0\0\0\0\0\0\0\0\0\0\0\0\0\0\0\0\0\0\0\0\0\0\0\0\0\0\0\0\0\0\0\0\0\0\0\0\0\0\0\0\0\0\0\0\0\0\0\0\0\0\0\0\0\0\0\0\0\0\0\0\0\0\0\0\0\0\0\0\0\0\0\0\0\0\0\0\0\0\0\0\0\0\0\0\0\0\0\0\0\0\0\0\0\0\0\0\0\0\0\0\0\0\0\0\0\0\0\0\0\0\0\0\0\0\0\0\0\0\0\0\0\0\0\0\0\0\0\0\0\0\0\0\0\0\0\0\0\0\0\0\0\0\0\0\0\0\0\0\0\0\0\0\0\0\0\0\0\0\0\0\0\0\0\0\0\0\0\0\0\0\0\0\0\0\0\0\0\0\0\0\0\0\0\0\0\0\0\0\0\0\0\0\0\0\0\0\0\0\0\0\0\0\0\0\0\0\0\0\0\0\0\0\0\0\0\0\0\0\0\0\0\0\0\0\0\0\0\0\0\0\0\0\0\0\0\0\0\0\0\0\0\0\0\0\0\0\0\0\0\0\0\0\0\0\0\0\0\0\0\0\0\0\0\0\0\0\0\0\0\0\0\0\0\0\0\0\0\0\0\0\0\0\0\0\0\0\0\0\0\0\0\0\0\0\0\0\0\0\0\0\0\0\0\0\0\0\0\0\0\0\0\0\0\0\0\0\0\0\0\0\0\0\0\0\0\0\0\0\0\0\0\0\0\0\0\0\0\0\0\0\0\0\0\0\0\0\0\0\0\0\0\0\0\0\0\0\0\0\0\0\0\0\0\0\0\0\0\0\0\0\0\0\0\0\0\0\0\0\0\0\0\0\0\0\0\0\0\0\0\0\0\0\0\0\0\0\0\0\0\0\0\0\0\0\0\0\0\0\0\0\0\0\0\0\0\0\0\0\0\0\0\0\0\0\0\0\0\0\0\0\0\0\0\0\0\0\0\0\0\0\0\0\0\0\0\0\0\0\0\0\0\0\0\0\0\0\0\0\0\0\0\0\0\0\0\0\0\0\0\0\0\0\0\0\0\0\0\0\0\0\0\0\0\0\0\0\0\0\0\0\0\0\0\0\0\0\0\0\0\0\0\0\0\0\0\0\0\0\0\0\0\0\0\0\0\0\0\0\0\0\0\0\0\0\0\0\0\0\0\0\0\0\0\0\0\0\0\0\0\0\0\0\0\0\0\0\0\0\0\0\0\0\0\0\0\0\0\0\0\0\0\0\0\0\0\0\0\0\0\0\0\0\0\0\0\0\0\0\0\0\0\0\0\0\0\0\0\0\0\0\0\0\0\0\0\0\0\0\0\0\0\0\0\0\0\0\0\0\0\0\0\0\0\0\0\0\0\0\0\0\0\0\0\0\0\0\0\0\0\0\0\0\0\0\0\0\0\0\0\0\0\0\0\0\0\0\0\0\0\0\0\0\0\0\0\0\0\0\0\0\0\0\0\0\0\0\0\0\0\0\0\0\0\0\0\0\0\0\0\0\0\0\0\0\0\0\0\0\0\0\0\0\0\0\0\0\0\0\0\0\0\0\0\0\0\0\0\0\0\0\0\0\0\0\0\0\0\0\0\0\0\0\0\0\0\0\0\0\0\0\0\0\0\0\0\0\0\0\0\0\0\0\0\0\0\0\0\0\0\0\0\0\0\0\0\0\0\0\0\0\0\0\0\0\0\0\0\0\0\0\0\0\0\0\0\0\0\0\0\0\0\0\0\0\0\0\0\0\0\0\0\0\0\0\0\0\0\0\0\0\0\0\0\0\0\0\0\0\0\0\0\0\0\0\0\0\0\0\0\0\0\0\0\0\0\0\0\0\0\0\0\0\0\0\0\0\0\0\0\0\0\0\0\0\0\0\0\0\0\0\0\0\0\0\0\0\0\0\0\0\0\0\0\0\0\0\0\0\0\0\0\0\0\0\0\0\0\0\0\0\0\0\0\0\0\0\0\0\0\0\0\0\0\0\0\0\0\0\0\0\0\0\0\0\0\0\0\0\0\0\0\0\0\0\0\0\0\0\0\0\0\0\0\0\0\0\0\0\0\0\0\0\0\0\0\0\0\0\0\0\0\0\0\0\0\0\0\0\0\0\0\0\0\0\0\0\0\0\0\0\0\0\0\0\0\0\0\0\0\0\0\0\0\0\0\0\0\0\0\0\0\0\0\0\0\0\0\0\0\0\0\0\0\0\0\0\0\0\0\0\0\0\0\0\0\0\0\0\0\0\0\0\0\0\0\0\0\0\0\0\0\0\0\0\0\0\0\0\0\0\0\0\0\0\0\0\0\0\0\0\0\0\0\0\0\0\0\0\0\0\0\0\0\0\0\0\0\0\0\0\0\0\0\0\0\0\0\0\0\0\0\0\0\0\0\0\0\0\0\0\0\0\0\0\0\0\0\0\0\0\0\0\0\0\0\0\0\0\0\0\0\0\0\0\0\0\0\0\0\0\0\0\0\0\0\0\0\0\0\0\0\0\0\0\0\0\0\0\0\0\0\0\0\0\0\0\0\0\0\0\0\0\0\0\0\0\0\0\0\0\0\0\0\0\0\0\0\0\0\0\0\0\0\0\0\0\0\0\0\0\0\0\0\0\0\0\0\0\0\0\0\0\0\0\0\0\0\0\0\0\0\0\0\0\0\0\0\0\0\0\0\0\0\0\0\0\0\0\0\0\0\0\0\0\0\0\0\0\0\0\0\0\0\0\0\0\0\0\0\0\0\0\0\0\0\0\0\0\0\0\0\0\0\0\0\0\0\0\0\0\0\0\0\0\0\0\0\0\0\0\0\0\0\0\0\0\0\0\0\0\0\0\0\0\0\0\0\0\0\0\0\0\0\0\0\0\0\0\0\0\0\0\0\0\0\0\0\0\0\0\0\0\0\0\0\0\0\0\0\0\0\0\0\0\0\0\0\0\0\0\0\0\0\0\0\0\0\0\0\0\0\0\0\0\0\0\0\0\0\0\0\0\0\0\0\0\0\0\0\0\0\0\0\0\0\0\0\0\0\0\0\0\0\0\0\0\0\0\0\0\0\0\0\0\0\0\0\0\0\0\0\0\0\0\0\0\0\0\0\0\0\0\0\0\0\0\0\0\0\0\0\0\0\0\0\0\0\0\0\0\0\0\0\0\0\0\0\0\0\0\0\0\0\0\0\0\0\0\0\0\0\0\0\0\0\0\0\0\0\0\0\0\0\0\0\0\0\0\0\0\0\0\0\0\0\0\0\0\0\0\0\0\0\0\0\0\0\0\0\0\0\0\0\0\0\0\0\0\0\0\0\0\0\0\0\0\0\0\0\0\0\0\0\0\0\0\0\0\0\0\0\0\0\0\0\0\0\0\0\0\0\0\0\0\0\0\0\0\0\0\0\0\0\0\0\0\0\0\0\0\0\0\0\0\0\0\0\0\0\0\0\0\0\0\0\0\0\0\0\0\0\0\0\0\0\0\0\0\0\0\0\0\0\0\0\0\0\0\0\0\0\0\0\0\0\0\0\0\0\0\0\0\0\0\0\0\0\0\0\0\0\0\0\0\0\0\0\0\0\0\0\0\0\0\0\0\0\0\0\0\0\0\0\0\0\0\0\0\0\0\0\0\0\0\0\0\0\0\0\0\0\0\0\0\0\0\0\0\0\0\0\0\0\0\0\0\0\0\0\0\0\0\0\0\0\0\0\0\0\0\0\0\0\0\0\0\0\0\0\0\0\0\0\0\0\0\0\0\0\0\0\0\0\0\0\0\0\0\0\0\0\0\0\0\0\0\0\0\0\0\0\0\0\0\0\0\0\0\0\0\0\0\0\0\0\0\0\0\0\0\0\0\0\0\0\0\0\0\0\0\0\0\0\0\0\0\0\0\0\0\0\0\0\0\0\0\0\0\0\0\0\0\0\0\0\0\0\0\0\0\0\0\0\0\0\0\0\0\0\0\0\0\0\0\0\0\0\0\0\0\0\0\0\0\0\0\0\0\0\0\0\0\0\0\0\0\0\0\0\0\0\0\0\0\0\0\0\0\0\0\0\0\0\0\0\0\0\0\0\0\0\0\0\0\0\0\0\0\0\0\0\0\0\0\0\0\0\0\0\0\0\0\0\0\0\0\0\0\0\0\0\0\0\0\0\0\0\0\0\0\0\0\0\0\0\0\0\0\0\0\0\0\0\0\0\0\0\0\0\0\0\0\0\0\0\0\0\0\0\0\0\0\0\0\0\0\0\0\0\0\0\0\0\0\0\0\0\0\0\0\0\0\0\0\0\0\0\0\0\0\0\0\0\0\0\0\0\0\0\0\0\0\0\0\0\0\0\0\0\0\0\0\0\0\0\0\0\0\0\0\0\0\0\0\0\0\0\0\0\0\0\0\0\0\0\0\0\0\0\0\0\0\0\0\0\0\0\0\0\0\0\0\0\0\0\0\0\0\0\0\0\0\0\0\0\0\0\0\0\0\0\0\0\0\0\0\0\0\0\0\0\0\0\0\0\0\0\0\0\0\0\0\0\0\0\0\0\0\0\0\0\0\0\0\0\0\0\0\0\0\0\0\0\0\0\0\0\0\0\0\0\0\0\0\0\0\0\0\0\0\0\0\0\0\0\0\0\0\0\0\0\0\0\0\0\0\0\0\0\0\0\0\0\0\0\0\0\0\0\0\0\0\0\0\0\0\0\0\0\0\0\0\0\0\0\0\0\0\0\0\0\0\0\0\0\0\0\0\0\0\0\0\0\0\0\0\0\0\0\0\0\0\0\0\0\0\0\0\0\0\0\0\0\0\0\0\0\0\0\0\0\0\0\0\0\0\0\0\0\0\0\0\0\0\0\0\0\0\0\0\0\0\0\0\0\0\0\0\0\0\0\0\0\0\0\0\0\0\0\0\0\0\0\0\0\0\0\0\0\0\0\0\0\0\0\0\0\0\0\0\0\0\0\0\0\0\0\0\0\0\0\0\0\0\0\0\0\0\0\0\0\0\0\0\0\0\0\0\0\0\0\0\0\0\0\0\0\0\0\0\0\0\0\0\0\0\0\0\0\0\0\0\0\0\0\0\0\0\0\0\0\0\0\0\0\0\0\0\0\0\0\0\0\0\0\0\0\0\0\0\0\0\0\0\0\0\0\0\0\0\0\0\0\0\0\0\0\0\0\0\0\0\0\0\0\0\0\0\0\0\0\0\0\0\0\0\0\0\0\0\0\0\0\0\0\0\0\0\0\0\0\0\0\0\0\0\0\0\0\0\0\0\0\0\0\0\0\0\0\0\0\0\0\0\0\0\0\0\0\0\0\0\0\0\0\0\0\0\0\0\0\0\0\0\0\0\0\0\0\0\0\0\0\0\0\0\0\0\0\0\0\0\0\0\0\0\0\0\0\0\0\0\0\0\0\0\0\0\0\0\0\0\0\0\0\0\0\0\0\0\0\0\0\0\0\0\0\0\0\0\0\0\0\0\0\0\0\0\0\0\0\0\0\0\0\0\0\0\0\0\0\0\0\0\0\0\0\0\0\0\0\0\0\0\0\0\0\0\0\0\0\0\0\0\0\0\0\0\0\0\0\0\0\0\0\0\0\0\0\0\0\0\0\0\0\0\0\0\0\0\0\0\0\0\0\0\0\0\0\0\0\0\0\0\0\0\0\0\0\0\0\0\0\0\0\0\0\0\0\0\0\0\0\0\0\0\0\0\0\0\0\0\0\0\0\0\0\0\0\0\0\0\0\0\0\0\0\0\0\0\0\0\0\0\0\0\0\0\0\0\0\0\0\0\0\0\0\0\0\0\0\0\0\0\0\0\0\0\0\0\0\0\0\0\0\0\0\0\0\0\0\0\0\0\0\0\0\0\0\0\0\0\0\0\0\0\0\0\0\0\0\0\0\0\0\0\0\0\0\0\0\0\0\0\0\0\0\0\0\0\0\0\0\0\0\0\0\0\0\0\0\0\0\0\0\0\0\0\0\0\0\0\0\0\0\0\0\0\0\0\0\0\0\0\0\0\0\0\0\0\0\0\0\0\0\0\0\0\0\0\0\0\0\0\0\0\0\0\0\0\0\0\0\0\0\0\0\0\0\0\0\0\0\0\0\0\0\0\0\0\0\0\0\0\0\0\0\0\0\0\0\0\0\0\0\0\0\0\0\0\0\0\0\0\0\0\0\0\0\0\0\0\0\0\0\0\0\0\0\0\0\0\0\0\0\0\0\0\0\0\0\0\0\0\0\0\0\0\0\0\0\0\0\0\0\0\0\0\0\0\0\0\0\0\0\0\0\0\0\0\0\0\0\0\0\0\0\0\0\0\0\0\0\0\0\0\0\0\0\0\0\0\0\0\0\0\0\0\0\0\0\0\0\0\0\0\0\0\0\0\0\0\0\0\0\0\0\0\0\0\0\0\0\0\0\0\0\0\0\0\0\0\0\0\0\0\0\0\0\0\0\0\0\0\0\0\0\0\0\0\0\0\0\0\0\0\0\0\0\0\0\0\0\0\0\0\0\0\0\0\0\0\0\0\0\0\0\0\0\0\0\0\0\0\0\0\0\0\0\0\0\0\0\0\0\0\0\0\0\0\0\0\0\0\0\0\0\0\0\0\0\0\0\0\0\0\0\0\0\0\0\0\0\0\0\0\0\0\0\0\0\0\0\0\0\0\0\0\0\0\0\0\0\0\0\0\0\0\0\0\0\0\0\0\0\0\0\0\0\0\0\0\0\0\0\0\0\0\0\0\0\0\0\0\0\0\0\0\0\0\0\0\0\0\0\0\0\0\0\0\0\0\0\0\0\0\0\0\0\0\0\0\0\0\0\0\0\0\0\0\0\0\0\0\0\0\0\0\0\0\0\0\0\0\0\0\0\0\0\0\0\0\0\0\0\0\0\0\0\0\0\0\0\0\0\0\0\0\0\0\0\0\0\0\0\0\0\0\0\0\0\0\0\0\0\0\0\0\0\0\0\0\0\0\0\0\0\0\0\0\0\0\0\0\0\0\0\0\0\0\0\0\0\0\0\0\0\0\0\0\0\0\0\0\0\0\0\0\0\0\0\0\0\0\0\0\0\0\0\0\0\0\0\0\0\0\0\0\0\0\0\0\0\0\0\0\0\0\0\0\0\0\0\0\0\0\0\0\0\0\0\0\0\0\0\0\0\0\0\0\0\0\0\0\0\0\0\0\0\0\0\0\0\0\0\0\0\0\0\0\0\0\0\0\0\0\0\0\0\0\0\0\0\0\0\0\0\0\0\0\0\0\0\0\0\0\0\0\0\0\0\0\0\0\0\0\0\0\0\0\0\0\0\0\0\0\0\0\0\0\0\0\0\0\0\0\0\0\0\0\0\0\0\0\0\0\0\0\0\0\0\0\0\0\0\0\0\0\0\0\0\0\0\0\0\0\0\0\0\0\0\0\0\0\0\0\0\0\0\0\0\0\0\0\0\0\0\0\0\0\0\0\0\0\0\0\0\0\0\0\0\0\0\0\0\0\0\0\0\0\0\0\0\0\0\0\0\0\0\0\0\0\0\0\0\0\0\0\0\0\0\0\0\0\0\0\0\0\0\0\0\0\0\0\0\0\0\0\0\0\0\0\0\0\0\0\0\0\0\0\0\0\0\0\0\0\0\0\0\0\0\0\0\0\0\0\0\0\0\0\0\0\0\0\0\0\0\0\0\0\0\0\0\0\0\0\0\0\0\0\0\0\0\0\0\0\0\0\0\0\0\0\0\0\0\0\0\0\0\0\0\0\0\0\0\0\0\0\0\0\0\0\0\0\0\0\0\0\0\0\0\0\0\0\0\0\0\0\0\0\0\0\0\0\0\0\0\0\0\0\0\0\0\0\0\0\0\0\0\0\0\0\0\0\0\0\0\0\0\0\0\0\0\0\0\0\0\0\0\0\0\0\0\0\0\0\0\0\0\0\0\0\0\0\0\0\0\0\0\0\0\0\0\0\0\0\0\0\0\0\0\0\0\0\0\0\0\0\0\0\0\0\0\0\0\0\0\0\0\0\0\0\0\0\0\0\0\0\0\0\0\0\0\0\0\0\0\0\0\0\0\0\0\0\0\0\0\0\0\0\0\0\0\0\0\0\0\0\0\0\0\0\0\0\0\0\0\0\0\0\0\0\0\0\0\0\0\0\0\0\0\0\0\0\0\0\0\0\0\0\0\0\0\0\0\0\0\0\0\0\0\0\0\0\0\0\0\0\0\0\0\0\0\0\0\0\0\0\0\0\0\0\0\0\0\0\0\0\0\0\0\0\0\0\0\0\0\0\0\0\0\0\0\0\0\0\0\0\0\0\0\0\0\0\0\0\0\0\0\0\0\0\0\0\0\0\0\0\0\0\0\0\0\0\0\0\0\0\0\0\0\0\0\0\0\0\0\0\0\0\0\0\0\0\0\0\0\0\0\0\0\0\0\0\0\0\0\0\0\0\0\0\0\0\0\0\0\0\0\0\0\0\0\0\0\0\0\0\0\0\0\0\0\0\0\0\0\0\0\0\0\0\0\0\0\0\0\0\0\0\0\0\0\0\0\0\0\0\0\0\0\0\0\0\0\0\0\0\0\0\0\0\0\0\0\0\0\0\0\0\0\0\0\0\0\0\0\0\0\0\0\0\0\0\0\0\0\0\0\0\0\0\0\0\0\0\0\0\0\0\0\0\0\0\0\0\0\0\0\0\0\0\0\0\0\0\0\0\0\0\0\0\0\0\0\0\0\0\0\0\0\0\0\0\0\0\0\0\0\0\0\0\0\0\0\0\0\0\0\0\0\0\0\0\0\0\0\0\0\0\0\0\0\0\0\0\0\0\0\0\0\0\0\0\0\0\0\0\0\0\0\0\0\0\0\0\0\0\0\0\0\0\0\0\0\0\0\0\0\0\0\0\0\0\0\0\0\0\0\0\0\0\0\0\0\0\0\0\0\0\0\0\0\0\0\0\0\0\0\0\0\0\0\0\0\0\0\0\0\0\0\0\0\0\0\0\0\0\0\0\0\0\0\0\0\0\0\0\0\0\0\0\0\0\0\0\0\0\0\0\0\0\0\0\0\0\0\0\0\0\0\0\0\0\0\0\0\0\0\0\0\0\0\0\0\0\0\0\0\0\0\0\0\0\0\0\0\0\0\0\0\0\0\0\0\0\0\0\0\0\0\0\0\0\0\0\0\0\0\0\0\0\0\0\0\0\0\0\0\0\0\0\0\0\0\0\0\0\0\0\0\0\0\0\0\0\0\0\0\0\0\0\0\0\0\0\0\0\0\0\0\0\0\0\0\0\0\0\0\0\0\0\0\0\0\0\0\0\0\0\0\0\0\0\0\0\0\0\0\0\0\0\0\0\0\0\0\0\0\0\0\0\0\0\0\0\0\0\0\0\0\0\0\0\0\0\0\0\0\0\0\0\0\0\0\0\0\0\0\0\0\0\0\0\0\0\0\0\0\0\0\0\0\0\0\0\0\0\0\0\0\0\0\0\0\0\0\0\0\0\0\0\0\0\0\0\0\0\0\0\0\0\0\0\0\0\0\0\0\0\0\0\0\0\0\0\0\0\0\0\0\0\0\0\0\0\0\0\0\0\0\0\0\0\0\0\0\0\0\0\0\0\0\0\0\0\0\0\0\0\0\0\0\0\0\0\0\0\0\0\0\0\0\0\0\0\0\0\0\0\0\0\0\0\0\0\0\0\0\0\0\0\0\0\0\0\0\0\0\0\0\0\0\0\0\0\0\0\0\0\0\0\0\0\0\0\0\0\0\0\0\0\0\0\0\0\0\0\0\0\0\0\0\0\0\0\0\0\0\0\0\0\0\0\0\0\0\0\0\0\0\0\0\0\0\0\0\0\0\0\0\0\0\0\0\0\0\0\0\0\0\0\0\0\0\0\0\0\0\0\0\0\0\0\0\0\0\0\0\0\0\0\0\0\0\0\0\0\0\0\0\0\0\0\0\0\0\0\0\0\0\0\0\0\0\0\0\0\0\0\0\0\0\0\0\0\0\0\0\0\0\0\0\0\0\0\0\0\0\0\0\0\0\0\0\0\0\0\0\0\0\0\0\0\0\0\0\0\0\0\0\0\0\0\0\0\0\0\0\0\0\0\0\0\0\0\0\0\0\0\0\0\0\0\0\0\0\0\0\0\0\0\0\0\0\0\0\0\0\0\0\0\0\0\0\0\0\0\0\0\0\0\0\0\0\0\0\0\0\0\0\0\0\0\0\0\0\0\0\0\0\0\0\0\0\0\0\0\0\0\0\0\0\0\0\0\0\0\0\0\0\0\0\0\0\0\0\0\0\0\0\0\0\0\0\0\0\0\0\0\0\0\0\0\0\0\0\0\0\0\0\0\0\0\0\0\0\0\0\0\0\0\0\0\0\0\0\0\0\0\0\0\0\0\0\0\0\0\0\0\0\0\0\0\0\0\0\0\0\0\0\0\0\0\0\0\0\0\0\0\0\0\0\0\0\0\0\0\0\0\0\0\0\0\0\0\0\0\0\0\0\0\0\0\0\0\0\0\0\0\0\0\0\0\0\0\0\0\0\0\0\0\0\0\0\0\0\0\0\0\0\0\0\0\0\0\0\0\0\0\0\0\0\0\0\0\0\0\0\0\0\0\0\0\0\0\0\0\0\0\0\0\0\0\0\0\0\0\0\0\0\0\0\0\0\0\0\0\0\0\0\0\0\0\0\0\0\0\0\0\0\0\0\0\0\0\0\0\0\0\0\0\0\0\0\0\0\0\0\0\0\0\0\0\0\0\0\0\0\0\0\0\0\0\0\0\0\0\0\0\0\0\0\0\0\0\0\0\0\0\0\0\0\0\0\0\0\0\0\0\0\0\0\0\0\0\0\0\0\0\0\0\0\0\0\0\0\0\0\0\0\0\0\0\0\0\0\0\0\0\0\0\0\0\0\0\0\0\0\0\0\0\0\0\0\0\0\0\0\0\0\0\0\0\0\0\0\0\0\0\0\0\0\0\0\0\0\0\0\0\0\0\0\0\0\0\0\0\0\0\0\0\0\0\0\0\0\0\0\0\0\0\0\0\0\0\0\0\0\0\0\0\0\0\0\0\0\0\0\0\0\0\0\0\0\0\0\0\0\0\0\0\0\0\0\0\0\0\0\0\0\0\0\0\0\0\0\0\0\0\0\0\0\0\0\0\0\0\0\0\0\0\0\0\0\0\0\0\0\0\0\0\0\0\0\0\0\0\0\0\0\0\0\0\0\0\0\0\0\0\0\0\0\0\0\0\0\0\0\0\0\0\0\0\0\0\0\0\0\0\0\0\0\0\0\0\0\0\0\0\0\0\0\0\0\0\0\0\0\0\0\0\0\0\0\0\0\0\0\0\0\0\0\0\0\0\0\0\0\0\0\0\0\0\0\0\0\0\0\0\0\0\0\0\0\0\0\0\0\0\0\0\0\0\0\0\0\0\0\0\0\0\0\0\0\0\0\0\0\0\0\0\0\0\0\0\0\0\0\0\0\0\0\0\0\0\0\0\0\0\0\0\0\0\0\0\0\0\0\0\0\0\0\0\0\0\0\0\0\0\0\0\0\0\0\0\0\0\0\0\0\0\0\0\0\0\0\0\0\0\0\0\0\0\0\0\0\0\0\0\0\0\0\0\0\0\0\0\0\0\0\0\0\0\0\0\0\0\0\0\0\0\0\0\0\0\0\0\0\0\0\0\0\0\0\0\0\0\0\0\0\0\0\0\0\0\0\0\0\0\0\0\0\0\0\0\0\0\0\0\0\0\0\0\0\0\0\0\0\0\0\0\0\0\0\0\0\0\0\0\0\0\0\0\0\0\0\0\0\0\0\0\0\0\0\0\0\0\0\0\0\0\0\0\0\0\0\0\0\0\0\0\0\0\0\0\0\0\0\0\0\0\0\0\0\0\0\0\0\0\0\0\0\0\0\0\0\0\0\0\0\0\0\0\0\0\0\0\0\0\0\0\0\0\0\0\0\0\0\0\0\0\0\0\0\0\0\0\0\0\0\0\0\0\0\0\0\0\0\0\0\0\0\0\0\0\0\0\0\0\0\0\0\0\0\0\0\0\0\0\0\0\0\0\0\0\0\0\0\0\0\0\0\0\0\0\0\0\0\0\0\0\0\0\0\0\0\0\0\0\0\0\0\0\0\0\0\0\0\0\0\0\0\0\0\0\0\0\0\0\0\0\0\0\0\0\0\0\0\0\0\0\0\0\0\0\0\0\0\0\0\0\0\0\0\0\0\0\0\0\0\0\0\0\0\0\0\0\0\0\0\0\0\0\0\0\0\0\0\0\0\0\0\0\0\0\0\0\0\0\0\0\0\0\0\0\0\0\0\0\0\0\0\0\0\0\0\0\0\0\0\0\0\0\0\0\0\0\0\0\0\0\0\0\0\0\0\0\0\0\0\0\0\0\0\0\0\0\0\0\0\0\0\0\0\0\0\0\0\0\0\0\0\0\0\0\0\0\0\0\0\0\0\0\0\0\0\0\0\0\0\0\0\0\0\0\0\0\0\0\0\0\0\0\0\0\0\0\0\0\0\0\0\0\0\0\0\0\0\0\0\0\0\0\0\0\0\0\0\0\0\0\0\0\0\0\0\0\0\0\0\0\0\0\0\0\0\0\0\0\0\0\0\0\0\0\0\0\0\0\0\0\0\0\0\0\0\0\0\0\0\0\0\0\0\0\0\0\0\0\0\0\0\0\0\0\0\0\0\0\0\0\0\0\0\0\0\0\0\0\0\0\0\0\0\0\0\0\0\0\0\0\0\0\0\0\0\0\0\0\0\0\0\0\0\0\0\0\0\0\0\0\0\0\0\0\0\0\0\0\0\0\0\0\0\0\0\0\0\0\0\0\0\0\0\0\0\0\0\0\0\0\0\0\0\0\0\0\0\0\0\0\0\0\0\0\0\0\0\0\0\0\0\0\0\0\0\0\0\0\0\0\0\0\0\0\0\0\0\0\0\0\0\0\0\0\0\0\0\0\0\0\0\0\0\0\0\0\0\0\0\0\0\0\0\0\0\0\0\0\0\0\0\0\0\0\0\0\0\0\0\0\0\0\0\0\0\0\0\0\0\0\0\0\0\0\0\0\0\0\0\0\0\0\0\0\0\0\0\0\0\0\0\0\0\0\0\0\0\0\0\0\0\0\0\0\0\0\0\0\0\0\0\0\0\0\0\0\0\0\0\0\0\0\0\0\0\0\0\0\0\0\0\0\0\0\0\0\0\0\0\0\0\0\0\0\0\0\0\0\0\0\0\0\0\0\0\0\0\0\0\0\0\0\0\0\0\0\0\0\0\0\0\0\0\0\0\0\0\0\0\0\0\0\0\0\0\0\0\0\0\0\0\0\0\0\0\0\0\0\0\0\0\0\0\0\0\0\0\0\0\0\0\0\0\0\0\0\0\0\0\0\0\0\0\0\0\0\0\0\0\0\0\0\0\0\0\0\0\0\0\0\0\0\0\0\0\0\0\0\0\0\0\0\0\0\0\0\0\0\0\0\0\0\0\0\0\0\0\0\0\0\0\0\0\0\0\0\0\0\0\0\0\0\0\0\0\0\0\0\0\0\0\0\0\0\0\0\0\0\0\0\0\0\0\0\0\0\0\0\0\0\0\0\0\0\0\0\0\0\0\0\0\0\0\0\0\0\0\0\0\0\0\0\0\0\0\0\0\0\0\0\0\0\0\0\0\0\0\0\0\0\0\0\0\0\0\0\0\0\0\0\0\0\0\0\0\0\0\0\0\0\0\0\0\0\0\0\0\0\0\0\0\0\0\0\0\0\0\0\0\0\0\0\0\0\0\0\0\0\0\0\0\0\0\0\0\0\0\0\0\0\0\0\0\0\0\0\0\0\0\0\0\0\0\0\0\0\0\0\0\0\0\0\0\0\0\0\0\0\0\0\0\0\0\0\0\0\0\0\0\0\0\0\0\0\0\0\0\0\0\0\0\0\0\0\0\0\0\0\0\0\0\0\0\0\0\0\0\0\0\0\0\0\0\0\0\0\0\0\0\0\0\0\0\0\0\0\0\0\0\0\0\0\0\0\0\0\0\0\0\0\0\0\0\0\0\0\0\0\0\0\0\0\0\0\0\0\0\0\0\0\0\0\0\0\0\0\0\0\0\0\0\0\0\0\0\0\0\0\0\0\0\0\0\0\0\0\0\0\0\0\0\0\0\0\0\0\0\0\0\0\0\0\0\0\0\0\0\0\0\0\0\0\0\0\0\0\0\0\0\0\0\0\0\0\0\0\0\0\0\0\0\0\0\0\0\0\0\0\0\0\0\0\0\0\0\0\0\0\0\0\0\0\0\0\0\0\0\0\0\0\0\0\0\0\0\0\0\0\0\0\0\0\0\0\0\0\0\0\0\0\0\0\0\0\0\0\0\0\0\0\0\0\0\0\0\0\0\0\0\0\0\0\0\0\0\0\0\0\0\0\0\0\0\0\0\0\0\0\0\0\0\0\0\0\0\0\0\0\0\0\0\0\0\0\0\0\0\0\0\0\0\0\0\0\0\0\0\0\0\0\0\0\0\0\0\0\0\0\0\0\0\0\0\0\0\0\0\0\0\0\0\0\0\0\0\0\0\0\0\0\0\0\0\0\0\0\0\0\0\0\0\0\0\0\0\0\0\0\0\0\0\0\0\0\0\0\0\0\0\0\0\0\0\0\0\0\0\0\0\0\0\0\0\0\0\0\0\0\0\0\0\0\0\0\0\0\0\0\0\0\0\0\0\0\0\0\0\0\0\0\0\0\0\0\0\0\0\0\0\0\0\0\0\0\0\0\0\0\0\0\0\0\0\0\0\0\0\0\0\0\0\0\0\0\0\0\0\0\0\0\0\0\0\0\0\0\0\0\0\0\0\0\0\0\0\0\0\0\0\0\0\0\0\0\0\0\0\0\0\0\0\0\0\0\0\0\0\0\0\0\0\0\0\0\0\0\0\0\0\0\0\0\0\0\0\0\0\0\0\0\0\0\0\0\0\0\0\0\0\0\0\0\0\0\0\0\0\0\0\0\0\0\0\0\0\0\0\0\0\0\0\0\0\0\0\0\0\0\0\0\0\0\0\0\0\0\0\0\0\0\0\0\0\0\0\0\0\0\0\0\0\0\0\0\0\0\0\0\0\0\0\0\0\0\0\0\0\0\0\0\0\0\0\0\0\0\0\0\0\0\0\0\0\0\0\0\0\0\0\0\0\0\0\0\0\0\0\0\0\0\0\0\0\0\0\0\0\0\0\0\0\0\0\0\0\0\0\0\0\0\0\0\0\0\0\0\0\0\0\0\0\0\0\0\0\0\0\0\0\0\0\0\0\0\0\0\0\0\0\0\0\0\0\0\0\0\0\0\0\0\0\0\0\0\0\0\0\0\0\0\0\0\0\0\0\0\0\0\0\0\0\0\0\0\0\0\0\0\0\0\0\0\0\0\0\0\0\0\0\0\0\0\0\0\0\0\0\0\0\0\0\0\0\0\0\0\0\0\0\0\0\0\0\0\0\0\0\0\0\0\0\0\0\0\0\0\0\0\0\0\0\0\0\0\0\0\0\0\0\0\0\0\0\0\0\0\0\0\0\0\0\0\0\0\0\0\0\0\0\0\0\0\0\0\0\0\0\0\0\0\0\0\0\0\0\0\0\0\0\0\0\0\0\0\0\0\0\0\0\0\0\0\0\0\0\0\0\0\0\0\0\0\0\0\0\0\0\0\0\0\0\0\0\0\0\0\0\0\0\0\0\0\0\0\0\0\0\0\0\0\0\0\0\0\0\0\0\0\0\0\0\0\0\0\0\0\0\0\0\0\0\0\0\0\0\0\0\0\0\0\0\0\0\0\0\0\0\0\0\0\0\0\0\0\0\0\0\0\0\0\0\0\0\0\0\0\0\0\0\0\0\0\0\0\0\0\0\0\0\0\0\0\0\0\0\0\0\0\0\0\0\0\0\0\0\0\0\0\0\0\0\0\0\0\0\0\0\0\0\0\0\0\0\0\0\0\0\0\0\0\0\0\0\0\0\0\0\0\0\0\0\0\0\0\0\0\0\0\0\0\0\0\0\0\0\0\0\0\0\0\0\0\0\0\0\0\0\0\0\0\0\0\0\0\0\0\0\0\0\0\0\0\0\0\0\0\0\0\0\0\0\0\0\0\0\0\0\0\0\0\0\0\0\0\0\0\0\0\0\0\0\0\0\0\0\0\0\0\0\0\0\0\0\0\0\0\0\0\0\0\0\0\0\0\0\0\0\0\0\0\0\0\0\0\0\0\0\0\0\0\0\0\0\0\0\0\0\0\0\0\0\0\0\0\0\0\0\0\0\0\0\0\0\0\0\0\0\0\0\0\0\0\0\0\0\0\0\0\0\0\0\0\0\0\0\0\0\0\0\0\0\0\0\0\0\0\0\0\0\0\0\0\0\0\0\0\0\0\0\0\0\0\0\0\0\0\0\0\0\0\0\0\0\0\0\0\0\0\0\0\0\0\0\0\0\0\0\0\0\0\0\0\0\0\0\0\0\0\0\0\0\0\0\0\0\0\0\0\0\0\0\0\0\0\0\0\0\0\0\0\0\0\0\0\0\0\0\0\0\0\0\0\0\0\0\0\0\0\0\0\0\0\0\0\0\0\0\0\0\0\0\0\0\0\0\0\0\0\0\0\0\0\0\0\0\0\0\0\0\0\0\0\0\0\0\0\0\0\0\0\0\0\0\0\0\0\0\0\0\0\0\0\0\0\0\0\0\0\0\0\0\0\0\0\0\0\0\0\0\0\0\0\0\0\0\0\0\0\0\0\0\0\0\0\0\0\0\0\0\0\0\0\0\0\0\0\0\0\0\0\0\0\0\0\0\0\0\0\0\0\0\0\0\0\0\0\0\0\0\0\0\0\0\0\0\0\0\0\0\0\0\0\0\0\0\0\0\0\0\0\0\0\0\0\0\0\0\0\0\0\0\0\0\0\0\0\0\0\0\0\0\0\0\0\0\0\0\0\0\0\0\0\0\0\0\0\0\0\0\0\0\0\0\0\0\0\0\0\0\0\0\0\0\0\0\0\0\0\0\0\0\0\0\0\0\0\0\0\0\0\0\0\0\0\0\0\0\0\0\0\0\0\0\0\0\0\0\0\0\0\0\0\0\0\0\0\0\0\0\0\0\0\0\0\0\0\0\0\0\0\0\0\0\0\0\0\0\0\0\0\0\0\0\0\0\0\0\0\0\0\0\0\0\0\0\0\0\0\0\0\0\0\0\0\0\0\0\0\0\0\0\0\0\0\0\0\0\0\0\0\0\0\0\0\0\0\0\0\0\0\0\0\0\0\0\0\0\0\0\0\0\0\0\0\0\0\0\0\0\0\0\0\0\0\0\0\0\0\0\0\0\0\0\0\0\0\0\0\0\0\0\0\0\0\0\0\0\0\0\0\0\0\0\0\0\0\0\0\0\0\0\0\0\0\0\0\0\0\0\0\0\0\0\0\0\0\0\0\0\0\0\0\0\0\0\0\0\0\0\0\0\0\0\0\0\0\0\0\0\0\0\0\0\0\0\0\0\0\0\0\0\0\0\0\0\0\0\0\0\0\0\0\0\0\0\0\0\0\0\0\0\0\0\0\0\0\0\0\0\0\0\0\0\0\0\0\0\0\0\0\0\0\0\0\0\0\0\0\0\0\0\0\0\0\0\0\0\0\0\0\0\0\0\0\0\0\0\0\0\0\0\0\0\0\0\0\0\0\0\0\0\0\0\0\0\0\0\0\0\0\0\0\0\0\0\0\0\0\0\0\0\0\0\0\0\0\0\0\0\0\0\0\0\0\0\0\0\0\0\0\0\0\0\0\0\0\0\0\0\0\0\0\0\0\0\0\0\0\0\0\0\0\0\0\0\0\0\0\0\0\0\0\0\0\0\0\0\0\0\0\0\0\0\0\0\0\0\0\0\0\0\0\0\0\0\0\0\0\0\0\0\0\0\0\0\0\0\0\0\0\0\0\0\0\0\0\0\0\0\0\0\0\0\0\0\0\0\0\0\0\0\0\0\0\0\0\0\0\0\0\0\0\0\0\0\0\0\0\0\0\0\0\0\0\0\0\0\0\0\0\0\0\0\0\0\0\0\0\0\0\0\0\0\0\0\0\0\0\0\0\0\0\0\0\0\0\0\0\0\0\0\0\0\0\0\0\0\0\0\0\0\0\0\0\0\0\0\0\0\0\0\0\0\0\0\0\0\0\0\0\0\0\0\0\0\0\0\0\0\0\0\0\0\0\0\0\0\0\0\0\0\0\0\0\0\0\0\0\0\0\0\0\0\0\0\0\0\0\0\0\0\0\0\0\0\0\0\0\0\0\0\0\0\0\0\0\0\0\0\0\0\0\0\0\0\0\0\0\0\0\0\0\0\0\0\0\0\0\0\0\0\0\0\0\0\0\0\0\0\0\0\0\0\0\0\0\0\0\0\0\0\0\0\0\0\0\0\0\0\0\0\0\0\0\0\0\0\0\0\0\0\0\0\0\0\0\0\0\0\0\0\0\0\0\0\0\0\0\0\0\0\0\0\0\0\0\0\0\0\0\0\0\0\0\0\0\0\0\0\0\0\0\0\0\0\0\0\0\0\0\0\0\0\0\0\0\0\0\0\0\0\0\0\0\0\0\0\0\0\0\0\0\0\0\0\0\0\0\0\0\0\0\0\0\0\0\0\0\0\0\0\0\0\0\0\0\0\0\0\0\0\0\0\0\0\0\0\0\0\0\0\0\0\0\0\0\0\0\0\0\0\0\0\0\0\0\0\0\0\0\0\0\0\0\0\0\0\0\0\0\0\0\0\0\0\0\0\0\0\0\0\0\0\0\0\0\0\0\0\0\0\0\0\0\0\0\0\0\0\0\0\0\0\0\0\0\0\0\0\0\0\0\0\0\0\0\0\0\0\0\0\0\0\0\0\0\0\0\0\0\0\0\0\0\0\0\0\0\0\0\0\0\0\0\0\0\0\0\0\0\0\0\0\0\0\0\0\0\0\0\0\0\0\0\0\0\0\0\0\0\0\0\0\0\0\0\0\0\0\0\0\0\0\0\0\0\0\0\0\0\0\0\0\0\0\0\0\0\0\0\0\0\0\0\0\0\0\0\0\0\0\0\0\0\0\0\0\0\0\0\0\0\0\0\0\0\0\0\0\0\0\0\0\0\0\0\0\0\0\0\0\0\0\0\0\0\0\0\0\0\0\0\0\0\0\0\0\0\0\0\0\0\0\0\0\0\0\0\0\0\0\0\0\0\0\0\0\0\0\0\0\0\0\0\0\0\0\0\0\0\0\0\0\0\0\0\0\0\0\0\0\0\0\0\0\0\0\0\0\0\0\0\0\0\0\0\0\0\0\0\0\0\0\0\0\0\0\0\0\0\0\0\0\0\0\0\0\0\0\0\0\0\0\0\0\0\0\0\0\0\0\0\0\0\0\0\0\0\0\0\0\0\0\0\0\0\0\0\0\0\0\0\0\0\0\0\0\0\0\0\0\0\0\0\0\0\0\0\0\0\0\0\0\0\0\0\0\0\0\0\0\0\0\0\0\0\0\0\0\0\0\0\0\0\0\0\0\0\0\0\0\0\0\0\0\0\0\0\0\0\0\0\0\0\0\0\0\0\0\0\0\0\0\0\0\0\0\0\0\0\0\0\0\0\0\0\0\0\0\0\0\0\0\0\0\0\0\0\0\0\0\0\0\0\0\0\0\0\0\0\0\0\0\0\0\0\0\0\0\0\0\0\0\0\0\0\0\0\0\0\0\0\0\0\0\0\0\0\0\0\0\0\0\0\0\0\0\0\0\0\0\0\0\0\0\0\0\0\0\0\0\0\0\0\0\0\0\0\0\0\0\0\0\0\0\0\0\0\0\0\0\0\0\0\0\0\0\0\0\0\0\0\0\0\0\0\0\0\0\0\0\0\0\0\0\0\0\0\0\0\0\0\0\0\0\0\0\0\0\0\0\0\0\0\0\0\0\0\0\0\0\0\0\0\0\0\0\0\0\0\0\0\0\0\0\0\0\0\0\0\0\0\0\0\0\0\0\0\0\0\0\0\0\0\0\0\0\0\0\0\0\0\0\0\0\0\0\0\0\0\0\0\0\0\0\0\0\0\0\0\0\0\0\0\0\0\0\0\0\0\0\0\0\0\0\0\0\0\0\0\0\0\0\0\0\0\0\0\0\0\0\0\0\0\0\0\0\0\0\0\0\0\0\0\0\0\0\0\0\0\0\0\0\0\0\0\0\0\0\0\0\0\0\0\0\0\0\0\0\0\0\0\0\0\0\0\0\0\0\0\0\0\0\0\0\0\0\0\0\0\0\0\0\0\0\0\0\0\0\0\0\0\0\0\0\0\0\0\0\0\0\0\0\0\0\0\0\0\0\0\0\0\0\0\0\0\0\0\0\0\0\0\0\0\0\0\0\0\0\0\0\0\0\0\0\0\0\0\0\0\0\0\0\0\0\0\0\0\0\0\0\0\0\0\0\0\0\0\0\0\0\0\0\0\0\0\0\0\0\0\0\0\0\0\0\0\0\0\0\0\0\0\0\0\0\0\0\0\0\0\0\0\0\0\0\0\0\0\0\0\0\0\0\0\0\0\0\0\0\0\0\0\0\0\0\0\0\0\0\0\0\0\0\0\0\0\0\0\0\0\0\0\0\0\0\0\0\0\0\0\0\0\0\0\0\0\0\0\0\0\0\0\0\0\0\0\0\0\0\0\0\0\0\0\0\0\0\0\0\0\0\0\0\0\0\0\0\0\0\0\0\0\0\0\0\0\0\0\0\0\0\0\0\0\0\0\0\0\0\0\0\0\0\0\0\0\0\0\0\0\0\0\0\0\0\0\0\0\0\0\0\0\0\0\0\0\0\0\0\0\0\0\0\0\0\0\0\0\0\0\0\0\0\0\0\0\0\0\0\0\0\0\0\0\0\0\0\0\0\0\0\0\0\0\0\0\0\0\0\0\0\0\0\0\0\0\0\0\0\0\0\0\0\0\0\0\0\0\0\0\0\0\0\0\0\0\0\0\0\0\0\0\0\0\0\0\0\0\0\0\0\0\0\0\0\0\0\0\0\0\0\0\0\0\0\0\0\0\0\0\0\0\0\0\0\0\0\0\0\0\0\0\0\0\0\0\0\0\0\0\0\0\0\0\0\0\0\0\0\0\0\0\0\0\0\0\0\0\0\0\0\0\0\0\0\0\0\0\0\0\0\0\0\0\0\0\0\0\0\0\0\0\0\0\0\0\0\0\0\0\0\0\0\0\0\0\0\0\0\0\0\0\0\0\0\0\0\0\0\0\0\0\0\0\0\0\0\0\0\0\0\0\0\0\0\0\0\0\0\0\0\0\0\0\0\0\0\0\0\0\0\0\0\0\0\0\0\0\0\0\0\0\0\0\0\0\0\0\0\0\0\0\0\0\0\0\0\0\0\0\0\0\0\0\0\0\0\0\0\0\0\0\0\0\0\0\0\0\0\0\0\0\0\0\0\0\0\0\0\0\0\0\0\0\0\0\0\0\0\0\0\0\0\0\0\0\0\0\0\0\0\0\0\0\0\0\0\0\0\0\0\0\0\0\0\0\0\0\0\0\0\0\0\0\0\0\0\0\0\0\0\0\0\0\0\0\0\0\0\0\0\0\0\0\0\0\0\0\0\0\0\0\0\0\0\0\0\0\0\0\0\0\0\0\0\0\0\0\0\0\0\0\0\0\0\0\0\0\0\0\0\0\0\0\0\0\0\0\0\0\0\0\0\0\0\0\0\0\0\0\0\0\0\0\0\0\0\0\0\0\0\0\0\0\0\0\0\0\0\0\0\0\0\0\0\0\0\0\0\0\0\0\0\0\0\0\0\0\0\0\0\0\0\0\0\0\0\0\0\0\0\0\0\0\0\0\0\0\0\0\0\0\0\0\0\0\0\0\0\0\0\0\0\0\0\0\0\0\0\0\0\0\0\0\0\0\0\0\0\0\0\0\0\0\0\0\0\0\0\0\0\0\0\0\0\0\0\0\0\0\0\0\0\0\0\0\0\0\0\0\0\0\0\0\0\0\0\0\0\0\0\0\0\0\0\0\0\0\0\0\0\0\0\0\0\0\0\0\0\0\0\0\0\0\0\0\0\0\0\0\0\0\0\0\0\0\0\0\0\0\0\0\0\0\0\0\0\0\0\0\0\0\0\0\0\0\0\0\0\0\0\0\0\0\0\0\0\0\0\0\0\0\0\0\0\0\0\0\0\0\0\0\0\0\0\0\0\0\0\0\0\0\0\0\0\0\0\0\0\0\0\0\0\0\0\0\0\0\0\0\0\0\0\0\0\0\0\0\0\0\0\0\0\0\0\0\0\0\0\0\0\0\0\0\0\0\0\0\0\0\0\0\0\0\0\0\0\0\0\0\0\0\0\0\0\0\0\0\0\0\0\0\0\0\0\0\0\0\0\0\0\0\0\0\0\0\0\0\0\0\0\0\0\0\0\0\0\0\0\0\0\0\0\0\0\0\0\0\0\0\0\0\0\0\0\0\0\0\0\0\0\0\0\0\0\0\0\0\0\0\0\0\0\0\0\0\0\0\0\0\0\0\0\0\0\0\0\0\0\0\0\0\0\0\0\0\0\0\0\0\0\0\0\0\0\0\0\0\0\0\0\0\0\0\0\0\0\0\0\0\0\0\0\0\0\0\0\0\0\0\0\0\0\0\0\0\0\0\0\0\0\0\0\0\0\0\0\0\0\0\0\0\0\0\0\0\0\0\0\0\0\0\0\0\0\0\0\0\0\0\0\0\0\0\0\0\0\0\0\0\0\0\0\0\0\0\0\0\0\0\0\0\0\0\0\0\0\0\0\0\0\0\0\0\0\0\0\0\0\0\0\0\0\0\0\0\0\0\0\0\0\0\0\0\0\0\0\0\0\0\0\0\0\0\0\0\0\0\0\0\0\0\0\0\0\0\0\0\0\0\0\0\0\0\0\0\0\0\0\0\0\0\0\0\0\0\0\0\0\0\0\0\0\0\0\0\0\0\0\0\0\0\0\0\0\0\0\0\0\0\0\0\0\0\0\0\0\0\0\0\0\0\0\0\0\0\0\0\0\0\0\0\0\0\0\0\0\0\0\0\0\0\0\0\0\0\0\0\0\0\0\0\0\0\0\0\0\0\0\0\0\0\0\0\0\0\0\0\0\0\0\0\0\0\0\0\0\0\0\0\0\0\0\0\0\0\0\0\0\0\0\0\0\0\0\0\0\0\0\0\0\0\0\0\0\0\0\0\0\0\0\0\0\0\0\0\0\0\0\0\0\0\0\0\0\0\0\0\0\0\0\0\0\0\0\0\0\0\0\0\0\0\0\0\0\0\0\0\0\0\0\0\0\0\0\0\0\0\0\0\0\0\0\0\0\0\0\0\0\0\0\0\0\0\0\0\0\0\0\0\0\0\0\0\0\0\0\0\0\0\0\0\0\0\0\0\0\0\0\0\0\0\0\0\0\0\0\0\0\0\0\0\0\0\0\0\0\0\0\0\0\0\0\0\0\0\0\0\0\0\0\0\0\0\0\0\0\0\0\0\0\0\0\0\0\0\0\0\0\0\0\0\0\0\0\0\0\0\0\0\0\0\0\0\0\0\0\0\0\0\0\0\0\0\0\0\0\0\0\0\0\0\0\0\0\0\0\0\0\0\0\0\0\0\0\0\0\0\0\0\0\0\0\0\0\0\0\0\0\0\0\0\0\0\0\0\0\0\0\0\0\0\0\0\0\0\0\0\0\0\0\0\0\0\0\0\0\0\0\0\0\0\0\0\0\0\0\0\0\0\0\0\0\0\0\0\0\0\0\0\0\0\0\0\0\0\0\0\0\0\0\0\0\0\0\0\0\0\0\0\0\0\0\0\0\0\0\0\0\0\0\0\0\0\0\0\0\0\0\0\0\0\0\0\0\0\0\0\0\0\0\0\0\0\0\0\0\0\0\0\0\0\0\0\0\0\0\0\0\0\0\0\0\0\0\0\0\0\0\0\0\0\0\0\0\0\0\0\0\0\0\0\0\0\0\0\0\0\0\0\0\0\0\0\0\0\0\0\0\0\0\0\0\0\0\0\0\0\0\0\0\0\0\0\0\0\0\0\0\0\0\0\0\0\0\0\0\0\0\0\0\0\0\0\0\0\0\0\0\0\0\0\0\0\0\0\0\0\0\0\0\0\0\0\0\0\0\0\0\0\0\0\0\0\0\0\0\0\0\0\0\0\0\0\0\0\0\0\0\0\0\0\0\0\0\0\0\0\0\0\0\0\0\0\0\0\0\0\0\0\0\0\0\0\0\0\0\0\0\0\0\0\0\0\0\0\0\0\0\0\0\0\0\0\0\0\0\0\0\0\0\0\0\0\0\0\0\0\0\0\0\0\0\0\0\0\0\0\0\0\0\0\0\0\0\0\0\0\0\0\0\0\0\0\0\0\0\0\0\0\0\0\0\0\0\0\0\0\0\0\0\0\0\0\0\0\0\0\0\0\0\0\0\0\0\0\0\0\0\0\0\0\0\0\0\0\0\0\0\0\0\0\0\0\0\0\0\0\0\0\0\0\0\0\0\0\0\0\0\0\0\0\0\0\0\0\0\0\0\0\0\0\0\0\0\0\0\0\0\0\0\0\0\0\0\0\0\0\0\0\0\0\0\0\0\0\0\0\0\0\0\0\0\0\0\0\0\0\0\0\0\0\0\0\0\0\0\0\0\0\0\0\0\0\0\0\0\0\0\0\0\0\0\0\0\0\0\0\0\0\0\0\0\0\0\0\0\0\0\0\0\0\0\0\0\0\0\0\0\0\0\0\0\0\0\0\0\0\0\0\0\0\0\0\0\0\0\0\0\0\0\0\0\0\0\0\0\0\0\0\0\0\0\0\0\0\0\0\0\0\0\0\0\0\0\0\0\0\0\0\0\0\0\0\0\0\0\0\0\0\0\0\0\0\0\0\0\0\0\0\0\0\0\0\0\0\0\0\0\0\0\0\0\0\0\0\0\0\0\0\0\0\0\0\0\0\0\0\0\0\0\0\0\0\0\0\0\0\0\0\0\0\0\0\0\0\0\0\0\0\0\0\0\0\0\0\0\0\0\0\0\0\0\0\0\0\0\0\0\0\0\0\0\0\0\0\0\0\0\0\0\0\0\0\0\0\0\0\0\0\0\0\0\0\0\0\0\0\0\0\0\0\0\0\0\0\0\0\0\0\0\0\0\0\0\0\0\0\0\0\0\0\0\0\0\0\0\0\0\0\0\0\0\0\0\0\0\0\0\0\0\0\0\0\0\0\0\0\0\0\0\0\0\0\0\0\0\0\0\0\0\0\0\0\0\0\0\0\0\0\0\0\0\0\0\0\0\0\0\0\0\0\0\0\0\0\0\0\0\0\0\0\0\0\0\0\0\0\0\0\0\0\0\0\0\0\0\0\0\0\0\0\0\0\0\0\0\0\0\0\0\0\0\0\0\0\0\0\0\0\0\0\0\0\0\0\0\0\0\0\0\0\0\0\0\0\0\0\0\0\0\0\0\0\0\0\0\0\0\0\0\0\0\0\0\0\0\0\0\0\0\0\0\0\0\0\0\0\0\0\0\0\0\0\0\0\0\0\0\0\0\0\0\0\0\0\0\0\0\0\0\0\0\0\0\0\0\0\0\0\0\0\0\0\0\0\0\0\0\0\0\0\0\0\0\0\0\0\0\0\0\0\0\0\0\0\0\0\0\0\0\0\0\0\0\0\0\0\0\0\0\0\0\0\0\0\0\0\0\0\0\0\0\0\0\0\0\0\0\0\0\0\0\0\0\0\0\0\0\0\0\0\0\0\0\0\0\0\0\0\0\0\0\0\0\0\0\0\0\0\0\0\0\0\0\0\0\0\0\0\0\0\0\0\0\0\0\0\0\0\0\0\0\0\0\0\0\0\0\0\0\0\0\0\0\0\0\0\0\0\0\0\0\0\0\0\0\0\0\0\0\0\0\0\0\0\0\0\0\0\0\0\0\0\0\0\0\0\0\0\0\0\0\0\0\0\0\0\0\0\0\0\0\0\0\0\0\0\0\0\0\0\0\0\0\0\0\0\0\0\0\0\0\0\0\0\0\0\0\0\0\0\0\0\0\0\0\0\0\0\0\0\0\0\0\0\0\0\0\0\0\0\0\0\0\0\0\0\0\0\0\0\0\0\0\0\0\0\0\0\0\0\0\0\0\0\0\0\0\0\0\0\0\0\0\0\0\0\0\0\0\0\0\0\0\0\0\0\0\0\0\0\0\0\0\0\0\0\0\0\0\0\0\0\0\0\0\0\0\0\0\0\0\0\0\0\0\0\0\0\0\0\0\0\0\0\0\0\0\0\0\0\0\0\0\0\0\0\0\0\0\0\0\0\0\0\0\0\0\0\0\0\0\0\0\0\0\0\0\0\0\0\0\0\0\0\0\0\0\0\0\0\0\0\0\0\0\0\0\0\0\0\0\0\0\0\0\0\0\0\0\0\0\0\0\0\0\0\0\0\0\0\0\0\0\0\0\0\0\0\0\0\0\0\0\0\0\0\0\0\0\0\0\0\0\0\0\0\0\0\0\0\0\0\0\0\0\0\0\0\0\0\0\0\0\0\0\0\0\0\0\0\0\0\0\0\0\0\0\0\0\0\0\0\0\0\0\0\0\0\0\0\0\0\0\0\0\0\0\0\0\0\0\0\0\0\0\0\0\0\0\0\0\0\0\0\0\0\0\0\0\0\0\0\0\0\0\0\0\0\0\0\0\0\0\0\0\0\0\0\0\0\0\0\0\0\0\0\0\0\0\0\0\0\0\0\0\0\0\0\0\0\0\0\0\0\0\0\0\0\0\0\0\0\0\0\0\0\0\0\0\0\0\0\0\0\0\0\0\0\0\0\0\0\0\0\0\0\0\0\0\0\0\0\0\0\0\0\0\0\0\0\0\0\0\0\0\0\0\0\0\0\0\0\0\0\0\0\0\0\0\0\0\0\0\0\0\0\0\0\0\0\0\0\0\0\0\0\0\0\0\0\0\0\0\0\0\0\0\0\0\0\0\0\0\0\0\0\0\0\0\0\0\0\0\0\0\0\0\0\0\0\0\0\0\0\0\0\0\0\0\0\0\0\0\0\0\0\0\0\0\0\0\0\0\0\0\0\0\0\0\0\0\0\0\0\0\0\0\0\0\0\0\0\0\0\0\0\0\0\0\0\0\0\0\0\0\0\0\0\0\0\0\0\0\0\0\0\0\0\0\0\0\0\0\0\0\0\0\0\0\0\0\0\0\0\0\0\0\0\0\0\0\0\0\0\0\0\0\0\0\0\0\0\0\0\0\0\0\0\0\0\0\0\0\0\0\0\0\0\0\0\0\0\0\0\0\0\0\0\0\0\0\0\0\0\0\0\0\0\0\0\0\0\0\0\0\0\0\0\0\0\0\0\0\0\0\0\0\0\0\0\0\0\0\0\0\0\0\0\0\0\0\0\0\0\0\0\0\0\0\0\0\0\0\0\0\0\0\0\0\0\0\0\0\0\0\0\0\0\0\0\0\0\0\0\0\0\0\0\0\0\0\0\0\0\0\0\0\0\0\0\0\0\0\0\0\0\0\0\0\0\0\0\0\0\0\0\0\0\0\0\0\0\0\0\0\0\0\0\0\0\0\0\0\0\0\0\0\0\0\0\0\0\0\0\0\0\0\0\0\0\0\0\0\0\0\0\0\0\0\0\0\0\0\0\0\0\0\0\0\0\0\0\0\0\0\0\0\0\0\0\0\0\0\0\0\0\0\0\0\0\0\0\0\0\0\0\0\0\0\0\0\0\0\0\0\0\0\0\0\0\0\0\0\0\0\0\0\0\0\0\0\0\0\0\0\0\0\0\0\0\0\0\0\0\0\0\0\0\0\0\0\0\0\0\0\0\0\0\0\0\0\0\0\0\0\0\0\0\0\0\0\0\0\0\0\0\0\0\0\0\0\0\0\0\0\0\0\0\0\0\0\0\0\0\0\0\0\0\0\0\0\0\0\0\0\0\0\0\0\0\0\0\0\0\0\0\0\0\0\0\0\0\0\0\0\0\0\0\0\0\0\0\0\0\0\0\0\0\0\0\0\0\0\0\0\0\0\0\0\0\0\0\0\0\0\0\0\0\0\0\0\0\0\0\0\0\0\0\0\0\0\0\0\0\0\0\0\0\0\0\0\0\0\0\0\0\0\0\0\0\0\0\0\0\0\0\0\0\0\0\0\0\0\0\0\0\0\0\0\0\0\0\0\0\0\0\0\0\0\0\0\0\0\0\0\0\0\0\0\0\0\0\0\0\0\0\0\0\0\0\0\0\0\0\0\0\0\0\0\0\0\0\0\0\0\0\0\0\0\0\0\0\0\0\0\0\0\0\0\0\0\0\0\0\0\0\0\0\0\0\0\0\0\0\0\0\0\0\0\0\0\0\0\0\0\0\0\0\0\0\0\0\0\0\0\0\0\0\0\0\0\0\0\0\0\0\0\0\0\0\0\0\0\0\0\0\0\0\0\0\0\0\0\0\0\0\0\0\0\0\0\0\0\0\0\0\0\0\0\0\0\0\0\0\0\0\0\0\0\0\0\0\0\0\0\0\0\0\0\0\0\0\0\0\0\0\0\0\0\0\0\0\0\0\0\0\0\0\0\0\0\0\0\0\0\0\0\0\0\0\0\0\0\0\0\0\0\0\0\0\0\0\0\0\0\0\0\0\0\0\0\0\0\0\0\0\0\0\0\0\0\0\0\0\0\0\0\0\0\0\0\0\0\0\0\0\0\0\0\0\0\0\0\0\0\0\0\0\0\0\0\0\0\0\0\0\0\0\0\0\0\0\0\0\0\0\0\0\0\0\0\0\0\0\0\0\0\0\0\0\0\0\0\0\0\0\0\0\0\0\0\0\0\0\0\0\0\0\0\0\0\0\0\0\0\0\0\0\0\0\0\0\0\0\0\0\0\0\0\0\0\0\0\0\0\0\0\0\0\0\0\0\0\0\0\0\0\0\0\0\0\0\0\0\0\0\0\0\0\0\0\0\0\0\0\0\0\0\0\0\0\0\0\0\0\0\0\0\0\0\0\0\0\0\0\0\0\0\0\0\0\0\0\0\0\0\0\0\0\0\0\0\0\0\0\0\0\0\0\0\0\0\0\0\0\0\0\0\0\0\0\0\0\0\0\0\0\0\0\0\0\0\0\0\0\0\0\0\0\0\0\0\0\0\0\0\0\0\0\0\0\0\0\0\0\0\0\0\0\0\0\0\0\0\0\0\0\0\0\0\0\0\0\0\0\0\0\0\0\0\0\0\0\0\0\0\0\0\0\0\0\0\0\0\0\0\0\0\0\0\0\0\0\0\0\0\0\0\0\0\0\0\0\0\0\0\0\0\0\0\0\0\0\0\0\0\0\0\0\0\0\0\0\0\0\0\0\0\0\0\0\0\0\0\0\0\0\0\0\0\0\0\0\0\0\0\0\0\0\0\0\0\0\0\0\0\0\0\0\0\0\0\0\0\0\0\0\0\0\0\0\0\0\0\0\0\0\0\0\0\0\0\0\0\0\0\0\0\0\0\0\0\0\0\0\0\0\0\0\0\0\0\0\0\0\0\0\0\0\0\0\0\0\0\0\0\0\0\0\0\0\0\0\0\0\0\0\0\0\0\0\0\0\0\0\0\0\0\0\0\0\0\0\0\0\0\0\0\0\0\0\0\0\0\0\0\0\0\0\0\0\0\0\0\0\0\0\0\0\0\0\0\0\0\0\0\0\0\0\0\0\0\0\0\0\0\0\0\0\0\0\0\0\0\0\0\0\0\0\0\0\0\0\0\0\0\0\0\0\0\0\0\0\0\0\0\0\0\0\0\0\0\0\0\0\0\0\0\0\0\0\0\0\0\0\0\0\0\0\0\0\0\0\0\0\0\0\0\0\0\0\0\0\0\0\0\0\0\0\0\0\0\0\0\0\0\0\0\0\0\0\0\0\0\0\0\0\0\0\0\0\0\0\0\0\0\0\0\0\0\0\0\0\0\0\0\0\0\0\0\0\0\0\0\0\0\0\0\0\0\0\0\0\0\0\0\0\0\0\0\0\0\0\0\0\0\0\0\0\0\0\0\0\0\0\0\0\0\0\0\0\0\0\0\0\0\0\0\0\0\0\0\0\0\0\0\0\0\0\0\0\0\0\0\0\0\0\0\0\0\0\0\0\0\0\0\0\0\0\0\0\0\0\0\0\0\0\0\0\0\0\0\0\0\0\0\0\0\0\0\0\0\0\0\0\0\0\0\0\0\0\0\0\0\0\0\0\0\0\0\0\0\0\0\0\0\0\0\0\0\0\0\0\0\0\0\0\0\0\0\0\0\0\0\0\0\0\0\0\0\0\0\0\0\0\0\0\0\0\0\0\0\0\0\0\0\0\0\0\0\0\0\0\0\0\0\0\0\0\0\0\0\0\0\0\0\0\0\0\0\0\0\0\0\0\0\0\0\0\0\0\0\0\0\0\0\0\0\0\0\0\0\0\0\0\0\0\0\0\0\0\0\0\0\0\0\0\0\0\0\0\0\0\0\0\0\0\0\0\0\0\0\0\0\0\0\0\0\0\0\0\0\0\0\0\0\0\0\0\0\0\0\0\0\0\0\0\0\0\0\0\0\0\0\0\0\0\0\0\0\0\0\0\0\0\0\0\0\0\0\0\0\0\0\0\0\0\0\0\0\0\0\0\0\0\0\0\0\0\0\0\0\0\0\0\0\0\0\0\0\0\0\0\0\0\0\0\0\0\0\0\0\0\0\0\0\0\0\0\0\0\0\0\0\0\0\0\0\0\0\0\0\0\0\0\0\0\0\0\0\0\0\0\0\0\0\0\0\0\0\0\0\0\0\0\0\0\0\0\0\0\0\0\0\0\0\0\0\0\0\0\0\0\0\0\0\0\0\0\0\0\0\0\0\0\0\0\0\0\0\0\0\0\0\0\0\0\0\0\0\0\0\0\0\0\0\0\0\0\0\0\0\0\0\0\0\0\0\0\0\0\0\0\0\0\0\0\0\0\0\0\0\0\0\0\0\0\0\0\0\0\0\0\0\0\0\0\0\0\0\0\0\0\0\0\0\0\0\0\0\0\0\0\0\0\0\0\0\0\0\0\0\0\0\0\0\0\0\0\0\0\0\0\0\0\0\0\0\0\0\0\0\0\0\0\0\0\0\0\0\0\0\0\0\0\0\0\0\0\0\0\0\0\0\0\0\0\0\0\0\0\0\0\0\0\0\0\0\0\0\0\0\0\0\0\0\0\0\0\0\0\0\0\0\0\0\0\0\0\0\0\0\0\0\0\0\0\0\0\0\0\0\0\0\0\0\0\0\0\0\0\0\0\0\0\0\0\0\0\0\0\0\0\0\0\0\0\0\0\0\0\0\0\0\0\0\0\0\0\0\0\0\0\0\0\0\0\0\0\0\0\0\0\0\0\0\0\0\0\0\0\0\0\0\0\0\0\0\0\0\0\0\0\0\0\0\0\0\0\0\0\0\0\0\0\0\0\0\0\0\0\0\0\0\0\0\0\0\0\0\0\0\0\0\0\0\0\0\0\0\0\0\0\0\0\0\0\0\0\0\0\0\0\0\0\0\0\0\0\0\0\0\0\0\0\0\0\0\0\0\0\0\0\0\0\0\0\0\0\0\0\0\0\0\0\0\0\0\0\0\0\0\0\0\0\0\0\0\0\0\0\0\0\0\0\0\0\0\0\0\0\0\0\0\0\0\0\0\0\0\0\0\0\0\0\0\0\0\0\0\0\0\0\0\0\0\0\0\0\0\0\0\0\0\0\0\0\0\0\0\0\0\0\0\0\0\0\0\0\0\0\0\0\0\0\0\0\0\0\0\0\0\0\0\0\0\0\0\0\0\0\0\0\0\0\0\0\0\0\0\0\0\0\0\0\0\0\0\0\0\0\0\0\0\0\0\0\0\0\0\0\0\0\0\0\0\0\0\0\0\0\0\0\0\0\0\0\0\0\0\0\0\0\0\0\0\0\0\0\0\0\0\0\0\0\0\0\0\0\0\0\0\0\0\0\0\0\0\0\0\0\0\0\0\0\0\0\0\0\0\0\0\0\0\0\0\0\0\0\0\0\0\0\0\0\0\0\0\0\0\0\0\0\0\0\0\0\0\0\0\0\0\0\0\0\0\0\0\0\0\0\0\0\0\0\0\0\0\0\0\0\0\0\0\0\0\0\0\0\0\0\0\0\0\0\0\0\0\0\0\0\0\0\0\0\0\0\0\0\0\0\0\0\0\0\0\0\0\0\0\0\0\0\0\0\0\0\0\0\0\0\0\0\0\0\0\0\0\0\0\0\0\0\0\0\0\0\0\0\0\0\0\0\0\0\0\0\0\0\0\0\0\0\0\0\0\0\0\0\0\0\0\0\0\0\0\0\0\0\0\0\0\0\0\0\0\0\0\0\0\0\0\0\0\0\0\0\0\0\0\0\0\0\0\0\0\0\0\0\0\0\0\0\0\0\0\0\0\0\0\0\0\0\0\0\0\0\0\0\0\0\0\0\0\0\0\0\0\0\0\0\0\0\0\0\0\0\0\0\0\0\0\0\0\0\0\0\0\0\0\0\0\0\0\0\0\0\0\0\0\0\0\0\0\0\0\0\0\0\0\0\0\0\0\0\0\0\0\0\0\0\0\0\0\0\0\0\0\0\0\0\0\0\0\0\0\0\0\0\0\0\0\0\0\0\0\0\0\0\0\0\0\0\0\0\0\0\0\0\0\0\0\0\0\0\0\0\0\0\0\0\0\0\0\0\0\0\0\0\0\0\0\0\0\0\0\0\0\0\0\0\0\0\0\0\0\0\0\0\0\0\0\0\0\0\0\0\0\0\0\0\0\0\0\0\0\0\0\0\0\0\0\0\0\0\0\0\0\0\0\0\0\0\0\0\0\0\0\0\0\0\0\0\0\0\0\0\0\0\0\0\0\0\0\0\0\0\0\0\0\0\0\0\0\0\0\0\0\0\0\0\0\0\0\0\0\0\0\0\0\0\0\0\0\0\0\0\0\0\0\0\0\0\0\0\0\0\0\0\0\0\0\0\0\0\0\0\0\0\0\0\0\0\0\0\0\0\0\0\0\0\0\0\0\0\0\0\0\0\0\0\0\0\0\0\0\0\0\0\0\0\0\0\0\0\0\0\0\0\0\0\0\0\0\0\0\0\0\0\0\0\0\0\0\0\0\0\0\0\0\0\0\0\0\0\0\0\0\0\0\0\0\0\0\0\0\0\0\0\0\0\0\0\0\0\0\0\0\0\0\0\0\0\0\0\0\0\0\0\0\0\0\0\0\0\0\0\0\0\0\0\0\0\0\0\0\0\0\0\0\0\0\0\0\0\0\0\0\0\0\0\0\0\0\0\0\0\0\0\0\0\0\0\0\0\0\0\0\0\0\0\0\0\0\0\0\0\0\0\0\0\0\0\0\0\0\0\0\0\0\0\0\0\0\0\0\0\0\0\0\0\0\0\0\0\0\0\0\0\0\0\0\0\0\0\0\0\0\0\0\0\0\0\0\0\0\0\0\0\0\0\0\0\0\0\0\0\0\0\0\0\0\0\0\0\0\0\0\0\0\0\0\0\0\0\0\0\0\0\0\0\0\0\0\0\0\0\0\0\0\0\0\0\0\0\0\0\0\0\0\0\0\0\0\0\0\0\0\0\0\0\0\0\0\0\0\0\0\0\0\0\0\0\0\0\0\0\0\0\0\0\0\0\0\0\0\0\0\0\0\0\0\0\0\0\0\0\0\0\0\0\0\0\0\0\0\0\0\0\0\0\0\0\0\0\0\0\0\0\0\0\0\0\0\0\0\0\0\0\0\0\0\0\0\0\0\0\0\0\0\0\0\0\0\0\0\0\0\0\0\0\0\0\0\0\0\0\0\0\0\0\0\0\0\0\0\0\0\0\0\0\0\0\0\0\0\0\0\0\0\0\0\0\0\0\0\0\0\0\0\0\0\0\0\0\0\0\0\0\0\0\0\0\0\0\0\0\0\0\0\0\0\0\0\0\0\0\0\0\0\0\0\0\0\0\0\0\0\0\0\0\0\0\0\0\0\0\0\0\0\0\0\0\0\0\0\0\0\0\0\0\0\0\0\0\0\0\0\0\0\0\0\0\0\0\0\0\0\0\0\0\0\0\0\0\0\0\0\0\0\0\0\0\0\0\0\0\0\0\0\0\0\0\0\0\0\0\0\0\0\0\0\0\0\0\0\0\0\0\0\0\0\0\0\0\0\0\0\0\0\0\0\0\0\0\0\0\0\0\0\0\0\0\0\0\0\0\0\0\0\0\0\0\0\0\0\0\0\0\0\0\0\0\0\0\0\0\0\0\0\0\0\0\0\0\0\0\0\0\0\0\0\0\0\0\0\0\0\0\0\0\0\0\0\0\0\0\0\0\0\0\0\0\0\0\0\0\0\0\0\0\0\0\0\0\0\0\0\0\0\0\0\0\0\0\0\0\0\0\0\0\0\0\0\0\0\0\0\0\0\0\0\0\0\0\0\0\0\0\0\0\0\0\0\0\0\0\0\0\0\0\0\0\0\0\0\0\0\0\0\0\0\0\0\0\0\0\0\0\0\0\0\0\0\0\0\0\0\0\0\0\0\0\0\0\0\0\0\0\0\0\0\0\0\0\0\0\0\0\0\0\0\0\0\0\0\0\0\0\0\0\0\0\0\0\0\0\0\0\0\0\0\0\0\0\0\0\0\0\0\0\0\0\0\0\0\0\0\0\0\0\0\0\0\0\0\0\0\0\0\0\0\0\0\0\0\0\0\0\0\0\0\0\0\0\0\0\0\0\0\0\0\0\0\0\0\0\0\0\0\0\0\0\0\0\0\0\0\0\0\0\0\0\0\0\0\0\0\0\0\0\0\0\0\0\0\0\0\0\0\0\0\0\0\0\0\0\0\0\0\0\0\0\0\0\0\0\0\0\0\0\0\0\0\0\0\0\0\0\0\0\0\0\0\0\0\0\0\0\0\0\0\0\0\0\0\0\0\0\0\0\0\0\0\0\0\0\0\0\0\0\0\0\0\0\0\0\0\0\0\0\0\0\0\0\0\0\0\0\0\0\0\0\0\0\0\0\0\0\0\0\0\0\0\0\0\0\0\0\0\0\0\0\0\0\0\0\0\0\0\0\0\0\0\0\0\0\0\0\0\0\0\0\0\0\0\0\0\0\0\0\0\0\0\0\0\0\0\0\0\0\0\0\0\0\0\0\0\0\0\0\0\0\0\0\0\0\0\0\0\0\0\0\0\0\0\0\0\0\0\0\0\0\0\0\0\0\0\0\0\0\0\0\0\0\0\0\0\0\0\0\0\0\0\0\0\0\0\0\0\0\0\0\0\0\0\0\0\0\0\0\0\0\0\0\0\0\0\0\0\0\0\0\0\0\0\0\0\0\0\0\0\0\0\0\0\0\0\0\0\0\0\0\0\0\0\0\0\0\0\0\0\0\0\0\0\0\0\0\0\0\0\0\0\0\0\0\0\0\0\0\0\0\0\0\0\0\0\0\0\0\0\0\0\0\0\0\0\0\0\0\0\0\0\0\0\0\0\0\0\0\0\0\0\0\0\0\0\0\0\0\0\0\0\0\0\0\0\0\0\0\0\0\0\0\0\0\0\0\0\0\0\0\0\0\0\0\0\0\0\0\0\0\0\0\0\0\0\0\0\0\0\0\0\0\0\0\0\0\0\0\0\0\0\0\0\0\0\0\0\0\0\0\0\0\0\0\0\0\0\0\0\0\0\0\0\0\0\0\0\0\0\0\0\0\0\0\0\0\0\0\0\0\0\0\0\0\0\0\0\0\0\0\0\0\0\0\0\0\0\0\0\0\0\0\0\0\0\0\0\0\0\0\0\0\0\0\0\0\0\0\0\0\0\0\0\0\0\0\0\0\0\0\0\0\0\0\0\0\0\0\0\0\0\0\0\0\0\0\0\0\0\0\0\0\0\0\0\0\0\0\0\0\0\0\0\0\0\0\0\0\0\0\0\0\0\0\0\0\0\0\0\0\0\0\0\0\0\0\0\0\0\0\0\0\0\0\0\0\0\0\0\0\0\0\0\0\0\0\0\0\0\0\0\0\0\0\0\0\0\0\0\0\0\0\0\0\0\0\0\0\0\0\0\0\0\0\0\0\0\0\0\0\0\0\0\0\0\0\0\0\0\0\0\0\0\0\0\0\0\0\0\0\0\0\0\0\0\0\0\0\0\0\0\0\0\0\0\0\0\0\0\0\0\0\0\0\0\0\0\0\0\0\0\0\0\0\0\0\0\0\0\0\0\0\0\0\0\0\0\0\0\0\0\0\0\0\0\0\0\0\0\0\0\0\0\0\0\0\0\0\0\0\0\0\0\0\0\0\0\0\0\0\0\0\0\0\0\0\0\0\0\0\0\0\0\0\0\0\0\0\0\0\0\0\0\0\0\0\0\0\0\0\0\0\0\0\0\0\0\0\0\0\0\0\0\0\0\0\0\0\0\0\0\0\0\0\0\0\0\0\0\0\0\0\0\0\0\0\0\0\0\0\0\0\0\0\0\0\0\0\0\0\0\0\0\0\0\0\0\0\0\0\0\0\0\0\0\0\0\0\0\0\0\0\0\0\0\0\0\0\0\0\0\0\0\0\0\0\0\0\0\0\0\0\0\0\0\0\0\0\0\0\0\0\0\0\0\0\0\0\0\0\0\0\0\0\0\0\0\0\0\0\0\0\0\0\0\0\0\0\0\0\0\0\0\0\0\0\0\0\0\0\0\0\0\0\0\0\0\0\0\0\0\0\0\0\0\0\0\0\0\0\0\0\0\0\0\0\0\0\0\0\0\0\0\0\0\0\0\0\0\0\0\0\0\0\0\0\0\0\0\0\0\0\0\0\0\0\0\0\0\0\0\0\0\0\0\0\0\0\0\0\0\0\0\0\0\0\0\0\0\0\0\0\0\0\0\0\0\0\0\0\0\0\0\0\0\0\0\0\0\0\0\0\0\0\0\0\0\0\0\0\0\0\0\0\0\0\0\0\0\0\0\0\0\0\0\0\0\0\0\0\0\0\0\0\0\0\0\0\0\0\0\0\0\0\0\0\0\0\0\0\0\0\0\0\0\0\0\0\0\0\0\0\0\0\0\0\0\0\0\0\0\0\0\0\0\0\0\0\0\0\0\0\0\0\0\0\0\0\0\0\0\0\0\0\0\0\0\0\0\0\0\0\0\0\0\0\0\0\0\0\0\0\0\0\0\0\0\0\0\0\0\0\0\0\0\0\0\0\0\0\0\0\0\0\0\0\0\0\0\0\0\0\0\0\0\0\0\0\0\0\0\0\0\0\0\0\0\0\0\0\0\0\0\0\0\0\0\0\0\0\0\0\0\0\0\0\0\0\0\0\0\0\0\0\0\0\0\0\0\0\0\0\0\0\0\0\0\0\0\0\0\0\0\0\0\0\0\0\0\0\0\0\0\0\0\0\0\0\0\0\0\0\0\0\0\0\0\0\0\0\0\0\0\0\0\0\0\0\0\0\0\0\0\0\0\0\0\0\0\0\0\0\0\0\0\0\0\0\0\0\0\0\0\0\0\0\0\0\0\0\0\0\0\0\0\0\0\0\0\0\0\0\0\0\0\0\0\0\0\0\0\0\0\0\0\0\0\0\0\0\0\0\0\0\0\0\0\0\0\0\0\0\0\0\0\0\0\0\0\0\0\0\0\0\0\0\0\0\0\0\0\0\0\0\0\0\0\0\0\0\0\0\0\0\0\0\0\0\0\0\0\0\0\0\0\0\0\0\0\0\0\0\0\0\0\0\0\0\0\0\0\0\0\0\0\0\0\0\0\0\0\0\0\0\0\0\0\0\0\0\0\0\0\0\0\0\0\0\0\0\0\0\0\0\0\0\0\0\0\0\0\0\0\0\0\0\0\0\0\0\0\0\0\0\0\0\0\0\0\0\0\0\0\0\0\0\0\0\0\0\0\0\0\0\0\0\0\0\0\0\0\0\0\0\0\0\0\0\0\0\0\0\0\0\0\0\0\0\0\0\0\0\0\0\0\0\0\0\0\0\0\0\0\0\0\0\0\0\0\0\0\0\0\0\0\0\0\0\0\0\0\0\0\0\0\0\0\0\0\0\0\0\0\0\0\0\0\0\0\0\0\0\0\0\0\0\0\0\0\0\0\0\0\0\0\0\0\0\0\0\0\0\0\0\0\0\0\0\0\0\0\0\0\0\0\0\0\0\0\0\0\0\0\0\0\0\0\0\0\0\0\0\0\0\0\0\0\0\0\0\0\0\0\0\0\0\0\0\0\0\0\0\0\0\0\0\0\0\0\0\0\0\0\0\0\0\0\0\0\0\0\0\0\0\0\0\0\0\0\0\0\0\0\0\0\0\0\0\0\0\0\0\0\0\0\0\0\0\0\0\0\0\0\0\0\0\0\0\0\0\0\0\0\0\0\0\0\0\0\0\0\0\0\0\0\0\0\0\0\0\0\0\0\0\0\0\0\0\0\0\0\0\0\0\0\0\0\0\0\0\0\0\0\0\0\0\0\0\0\0\0\0\0\0\0\0\0\0\0\0\0\0\0\0\0\0\0\0\0\0\0\0\0\0\0\0\0\0\0\0\0\0\0\0\0\0\0\0\0\0\0\0\0\0\0\0\0\0\0\0\0\0\0\0\0\0\0\0\0\0\0\0\0\0\0\0\0\0\0\0\0\0\0\0\0\0\0\0\0\0\0\0\0\0\0\0\0\0\0\0\0\0\0\0\0\0\0\0\0\0\0\0\0\0\0\0\0\0\0\0\0\0\0\0\0\0\0\0\0\0\0\0\0\0\0\0\0\0\0\0\0\0\0\0\0\0\0\0\0\0\0\0\0\0\0\0\0\0\0\0\0\0\0\0\0\0\0\0\0\0\0\0\0\0\0\0\0\0\0\0\0\0\0\0\0\0\0\0\0\0\0\0\0\0\0\0\0\0\0\0\0\0\0\0\0\0\0\0\0\0\0\0\0\0\0\0\0\0\0\0\0\0\0\0\0\0\0\0\0\0\0\0\0\0\0\0\0\0\0\0\0\0\0\0\0\0\0\0\0\0\0\0\0\0\0\0\0\0\0\0\0\0\0\0\0\0\0\0\0\0\0\0\0\0\0\0\0\0\0\0\0\0\0\0\0\0\0\0\0\0\0\0\0\0\0\0\0\0\0\0\0\0\0\0\0\0\0\0\0\0\0\0\0\0\0\0\0\0\0\0\0\0\0\0\0\0\0\0\0\0\0\0\0\0\0\0\0\0\0\0\0\0\0\0\0\0\0\0\0\0\0\0\0\0\0\0\0\0\0\0\0\0\0\0\0\0\0\0\0\0\0\0\0\0\0\0\0\0\0\0\0\0\0\0\0\0\0\0\0\0\0\0\0\0\0\0\0\0\0\0\0\0\0\0\0\0\0\0\0\0\0\0\0\0\0\0\0\0\0\0\0\0\0\0\0\0\0\0\0\0\0\0\0\0\0\0\0\0\0\0\0\0\0\0\0\0\0\0\0\0\0\0\0\0\0\0\0\0\0\0\0\0\0\0\0\0\0\0\0\0\0\0\0\0\0\0\0\0\0\0\0\0\0\0\0\0\0\0\0\0\0\0\0\0\0\0\0\0\0\0\0\0\0\0\0\0\0\0\0\0\0\0\0\0\0\0\0\0\0\0\0\0\0\0\0\0\0\0\0\0\0\0\0\0\0\0\0\0\0\0\0\0\0\0\0\0\0\0\0\0\0\0\0\0\0\0\0\0\0\0\0\0\0\0\0\0\0\0\0\0\0\0\0\0\0\0\0\0\0\0\0\0\0\0\0\0\0\0\0\0\0\0\0\0\0\0\0\0\0\0\0\0\0\0\0\0\0\0\0\0\0\0\0\0\0\0\0\0\0\0\0\0\0\0\0\0\0\0\0\0\0\0\0\0\0\0\0\0\0\0\0\0\0\0\0\0\0\0\0\0\0\0\0\0\0\0\0\0\0\0\0\0\0\0\0\0\0\0\0\0\0\0\0\0\0\0\0\0\0\0\0\0\0\0\0\0\0\0\0\0\0\0\0\0\0\0\0\0\0\0\0\0\0\0\0\0\0\0\0\0\0\0\0\0\0\0\0\0\0\0\0\0\0\0\0\0\0\0\0\0\0\0\0\0\0\0\0\0\0\0\0\0\0\0\0\0\0\0\0\0\0\0\0\0\0\0\0\0\0\0\0\0\0\0\0\0\0\0\0\0\0\0\0\0\0\0\0\0\0\0\0\0\0\0\0\0\0\0\0\0\0\0\0\0\0\0\0\0\0\0\0\0\0\0\0\0\0\0\0\0\0\0\0\0\0\0\0\0\0\0\0\0\0\0\0\0\0\0\0\0\0\0\0\0\0\0\0\0\0\0\0\0\0\0\0\0\0\0\0\0\0\0\0\0\0\0\0\0\0\0\0\0\0\0\0\0\0\0\0\0\0\0\0\0\0\0\0\0\0\0\0\0\0\0\0\0\0\0\0\0\0\0\0\0\0\0\0\0\0\0\0\0\0\0\0\0\0\0\0\0\0\0\0\0\0\0\0\0\0\0\0\0\0\0\0\0\0\0\0\0\0\0\0\0\0\0\0\0\0\0\0\0\0\0\0\0\0\0\0\0\0\0\0\0\0\0\0\0\0\0\0\0\0\0\0\0\0\0\0\0\0\0\0\0\0\0\0\0\0\0\0\0\0\0\0\0\0\0\0\0\0\0\0\0\0\0\0\0\0\0\0\0\0\0\0\0\0\0\0\0\0\0\0\0\0\0\0\0\0\0\0\0\0\0\0\0\0\0\0\0\0\0\0\0\0\0\0\0\0\0\0\0\0\0\0\0\0\0\0\0\0\0\0\0\0\0\0\0\0\0\0\0\0\0\0\0\0\0\0\0\0\0\0\0\0\0\0\0\0\0\0\0\0\0\0\0\0\0\0\0\0\0\0\0\0\0\0\0\0\0\0\0\0\0\0\0\0\0\0\0\0\0\0\0\0\0\0\0\0\0\0\0\0\0\0\0\0\0\0\0\0\0\0\0\0\0\0\0\0\0\0\0\0\0\0\0\0\0\0\0\0\0\0\0\0\0\0\0\0\0\0\0\0\0\0\0\0\0\0\0\0\0\0\0\0\0\0\0\0\0\0\0\0\0\0\0\0\0\0\0\0\0\0\0\0\0\0\0\0\0\0\0\0\0\0\0\0\0\0\0\0\0\0\0\0\0\0\0\0\0\0\0\0\0\0\0\0\0\0\0\0\0\0\0\0\0\0\0\0\0\0\0\0\0\0\0\0\0\0\0\0\0\0\0\0\0\0\0\0\0\0\0\0\0\0\0\0\0\0\0\0\0\0\0\0\0\0\0\0\0\0\0\0\0\0\0\0\0\0\0\0\0\0\0\0\0\0\0\0\0\0\0\0\0\0\0\0\0\0\0\0\0\0\0\0\0\0\0\0\0\0\0\0\0\0\0\0\0\0\0\0\0\0\0\0\0\0\0\0\0\0\0\0\0\0\0\0\0\0\0\0\0\0\0\0\0\0\0\0\0\0\0\0\0\0\0\0\0\0\0\0\0\0\0\0\0\0\0\0\0\0\0\0\0\0\0\0\0\0\0\0\0\0\0\0\0\0\0\0\0\0\0\0\0\0\0\0\0\0\0\0\0\0\0\0\0\0\0\0\0\0\0\0\0\0\0\0\0\0\0\0\0\0\0\0\0\0\0\0\0\0\0\0\0\0\0\0\0\0\0\0\0\0\0\0\0\0\0\0\0\0\0\0\0\0\0\0\0\0\0\0\0\0\0\0\0\0\0\0\0\0\0\0\0\0\0\0\0\0\0\0\0\0\0\0\0\0\0\0\0\0\0\0\0\0\0\0\0\0\0\0\0\0\0\0\0\0\0\0\0\0\0\0\0\0\0\0\0\0\0\0\0\0\0\0\0\0\0\0\0\0\0\0\0\0\0\0\0\0\0\0\0\0\0\0\0\0\0\0\0\0\0\0\0\0\0\0\0\0\0\0\0\0\0\0\0\0\0\0\0\0\0\0\0\0\0\0\0\0\0\0\0\0\0\0\0\0\0\0\0\0\0\0\0\0\0\0\0\0\0\0\0\0\0\0\0\0\0\0\0\0\0\0\0\0\0\0\0\0\0\0\0\0\0\0\0\0\0\0\0\0\0\0\0\0\0\0\0\0\0\0\0\0\0\0\0\0\0\0\0\0\0\0\0\0\0\0\0\0\0\0\0\0\0\0\0\0\0\0\0\0\0\0\0\0\0\0\0\0\0\0\0\0\0\0\0\0\0\0\0\0\0\0\0\0\0\0\0\0\0\0\0\0\0\0\0\0\0\0\0\0\0\0\0\0\0\0\0\0\0\0\0\0\0\0\0\0\0\0\0\0\0\0\0\0\0\0\0\0\0\0\0\0\0\0\0\0\0\0\0\0\0\0\0\0\0\0\0\0\0\0\0\0\0\0\0\0\0\0\0\0\0\0\0\0\0\0\0\0\0\0\0\0\0\0\0\0\0\0\0\0\0\0\0\0\0\0\0\0\0\0\0\0\0\0\0\0\0\0\0\0\0\0\0\0\0\0\0\0\0\0\0\0\0\0\0\0\0\0\0\0\0\0\0\0\0\0\0\0\0\0\0\0\0\0\0\0\0\0\0\0\0\0\0\0\0\0\0\0\0\0\0\0\0\0\0\0\0\0\0\0\0\0\0\0\0\0\0\0\0\0\0\0\0\0\0\0\0\0\0\0\0\0\0\0\0\0\0\0\0\0\0\0\0\0\0\0\0\0\0\0\0\0\0\0\0\0\0\0\0\0\0\0\0\0\0\0\0\0\0\0\0\0\0\0\0\0\0\0\0\0\0\0\0\0\0\0\0\0\0\0\0\0\0\0\0\0\0\0\0\0\0\0\0\0\0\0\0\0\0\0\0\0\0\0\0\0\0\0\0\0\0\0\0\0\0\0\0\0\0\0\0\0\0\0\0\0\0\0\0\0\0\0\0\0\0\0\0\0\0\0\0\0\0\0\0\0\0\0\0\0\0\0\0\0\0\0\0\0\0\0\0\0\0\0\0\0\0\0\0\0\0\0\0\0\0\0\0\0\0\0\0\0\0\0\0\0\0\0\0\0\0\0\0\0\0\0\0\0\0\0\0\0\0\0\0\0\0\0\0\0\0\0\0\0\0\0\0\0\0\0\0\0\0\0\0\0\0\0\0\0\0\0\0\0\0\0\0\0\0\0\0\0\0\0\0\0\0\0\0\0\0\0\0\0\0\0\0\0\0\0\0\0\0\0\0\0\0\0\0\0\0\0\0\0\0\0\0\0\0\0\0\0\0\0\0\0\0\0\0\0\0\0\0\0\0\0\0\0\0\0\0\0\0\0\0\0\0\0\0\0\0\0\0\0\0\0\0\0\0\0\0\0\0\0\0\0\0\0\0\0\0\0\0\0\0\0\0\0\0\0\0\0\0\0\0\0\0\0\0\0\0\0\0\0\0\0\0\0\0\0\0\0\0\0\0\0\0\0\0\0\0\0\0\0\0\0\0\0\0\0\0\0\0\0\0\0\0\0\0\0\0\0\0\0\0\0\0\0\0\0\0\0\0\0\0\0\0\0\0\0\0\0\0\0\0\0\0\0\0\0\0\0\0\0\0\0\0\0\0\0\0\0\0\0\0\0\0\0\0\0\0\0\0\0\0\0\0\0\0\0\0\0\0\0\0\0\0\0\0\0\0\0\0\0\0\0\0\0\0\0\0\0\0\0\0\0\0\0\0\0\0\0\0\0\0\0\0\0\0\0\0\0\0\0\0\0\0\0\0\0\0\0\0\0\0\0\0\0\0\0\0\0\0\0\0\0\0\0\0\0\0\0\0\0\0\0\0\0\0\0\0\0\0\0\0\0\0\0\0\0\0\0\0\0\0\0\0\0\0\0\0\0\0\0\0\0\0\0\0\0\0\0\0\0\0\0\0\0\0\0\0\0\0\0\0\0\0\0\0\0\0\0\0\0\0\0\0\0\0\0\0\0\0\0\0\0\0\0\0\0\0\0\0\0\0\0\0\0\0\0\0\0\0\0\0\0\0\0\0\0\0\0\0\0\0\0\0\0\0\0\0\0\0\0\0\0\0\0\0\0\0\0\0\0\0\0\0\0\0\0\0\0\0\0\0\0\0\0\0\0\0\0\0\0\0\0\0\0\0\0\0\0\0\0\0\0\0\0\0\0\0\0\0\0\0\0\0\0\0\0\0\0\0\0\0\0\0\0\0\0\0\0\0\0\0\0\0\0\0\0\0\0\0\0\0\0\0\0\0\0\0\0\0\0\0\0\0\0\0\0\0\0\0\0\0\0\0\0\0\0\0\0\0\0\0\0\0\0\0\0\0\0\0\0\0\0\0\0\0\0\0\0\0\0\0\0\0\0\0\0\0\0\0\0\0\0\0\0\0\0\0\0\0\0\0\0\0\0\0\0\0\0\0\0\0\0\0\0\0\0\0\0\0\0\0\0\0\0\0\0\0\0\0\0\0\0\0\0\0\0\0\0\0\0\0\0\0\0\0\0\0\0\0\0\0\0\0\0\0\0\0\0\0\0\0\0\0\0\0\0\0\\\\\\\\\\\\\\\\\\\\\\\\\\\\\\\\\\\\\\\\\\\\\\\\\\\\\\\\\\\\0\0\0\0\0\0\0\0\0\0\0\0\0\0\0\0\0\0\0\0\0\0\0\0\0\0\0	\0\0\0\n\0\0\0\n\0\n\0\0\0\'\0\0\0\0\"\0\0\0\0\0\0\0\0\0!\0\0\0\0\0\0\0\0\0\r\0,\0\0\00\0 \0+\0\"\0.\0.\0$\0/\00\00\01\02\01\01\02\00\00\00\00\0/\0/\0.\0-\0.\0-\0,\0+\0+\0*\0)\0(\0(\0&\0&\0%\0$\0#\0\"\0\"\0\"\0!\0!\0\0\0\0\0\0\0\0\Z\0\0\0\0\0\0\0\0\0\0\0\0\0\0\0\0\0\0\0\0\0\r\0\r\0\0\0\0\0\0\0\n\0	\0	\0\0\0\0\0\0\0\0\0\0\0\0\0\0\0\0\0\0\0\0\0\0\0\0\0\0\0\0\0\0\0\0\0\0\0\\\\\\\\\\\\\\\\\\\\\\\\\\\\\\\\\\\\\\\\\\\\0\0\0\0\0\0\0\0\0\0\0\0\0\0\0\0\0\0\0\0\0\0\0\0\0\0\0\0\0\0\0\0\0\0\0\0\0\0\0\0\0\0\0\0\0\0\0\0\0\0\0\0\0\0\0\0\0\0\0\0\0\0\0\r\0\r\0\r\0\r\0\r\0\0\r\0\r\0\0\0\0\0\0\0\0\n\0\n\0\n\0\n\0	\0	\0	\0	\0	\0	\0\0\0\0\0\0\0\0\0\0\0\0\0\0\0\0\0\0\0\0\0\0\0\0\0\0\0\0\0\0\0\0\0\0\0\0\0\0\0\0\0\0\0\0\0\0\0\0\0\0\0\0\0\0\0\0\0\0\0\0\0\0\0\0\0\0\0\0\0\0\0\0\0\0\0\0\0\0\0\0\0\0\0\0\0\0\0\0\0\0\\\\\\\\\\\\\\\\\\\\\\\\\\\\\\\\\\\\\\\\\\\\\\\\\\\\\\\\\\\\\\\\\\\\\\\0\0\0\0\0\0\0\0\0\0\0\0\0\0\0\0\0\0\0\0\0\0\0\0\0\0\0\0\0\0\0\0\0\0\0\0\0\0\0\0\0\0\0\0\0\0	\0\0\0	\0	\0	\0\n\0	\0\n\0\n\0\n\0\n\0\n\0\0\0\0\0\0\0\0\0\0\0\0\0\0\0\r\0\r\0\0\0\0\r\0\0\0\0\0\0\r\0\0\0\0\"\0\0\0,\0\0 \0\0\"\0.\0\'\01\03\03\04\04\05\05\06\06\06\05\06\05\05\05\04\03\03\02\02\01\00\0/\0.\0-\0-\0,\0+\0*\0*\0(\0(\0\'\0&\0%\0%\0$\0#\0\"\0!\0!\0 \0\0\0\0\0\0\0\0\Z\0\Z\0\0\0\0\0\0\0\0\0\0\0\0\0\0\0\0\0\0\0\r\0\0\0\0\0\n\0\n\0	\0	\0\0\0\0\0\0\0\0\0\0\0\0\0\0\0\0\0\0\0\0\0\0\0\0\0\0\0\0\0\0\0\0\\\\\\\\\\\\\\\\\\\\\\\\\\\\\\\\\\\\\\\\\\\\\\\\\\\\\\\\\\\\\\\\\\\\\\\0\0\0\0\0\0\0\0\0\0\0\0\0\0\0\0\0\0\0\0\0\0\0\0\0\0\0\0\0\0\0	\0\n\0\n\0\n\0\0\n\0\n\0\n\0\n\0\0\0\0\0\0\n\0\0\0\0\0\0\0\0\r\0\0\r\0\r\0\r\0\0\r\0\0\r\0\0\0\0\0\0\r\0\0\0\0\0\r\0\0\0\0\0\0\0\0\0 \0\"\0-\0-\0/\00\02\02\03\04\03\05\04\05\04\03\04\03\04\04\03\03\02\01\01\00\00\0/\0.\0-\0,\0,\0*\0)\0)\0(\0&\0\'\0%\0%\0$\0$\0#\0\"\0\"\0!\0 \0 \0 \0\0\0\0\0\0\0\0\Z\0\0\0\0\0\0\0\0\0\0\0\0\0\0\0\0\0\0\0\0\0\0\0\r\0\r\0\0\0\0\n\0	\0	\0\0\0\0\0\0\0\0\0\0\0\0\0\0\0\0\0\0\0\0\0\0\0\0\0\0\\\\\\\\\\\\\\\\\\\\\\\\\\\\\\\\\\\\\\\\\\\\\\\\\\\\\\\\\\\\\\\\\\\\\\\\\\\\\\\\\\\\\\\0\0\0\0\0\0\0\0\0\0\0\0\0\0\0\0\0\0\0\0\0\0\0\0\0\0\0\0\0\0\0\0\0\0\0\0\0\0\0\0\0\0\0\0\0	\0\0\0\0\0	\0	\0	\0	\0	\0	\0	\0	\0	\0	\0	\0	\0	\0	\0\n\0	\0\n\0\n\0\0\n\0\0\n\0\n\0\n\0\n\0\0\0\0\0\n\0\n\0	\0\n\0\n\0\n\0\n\0\0\0\0\0\0\0\n\0\n\0\n\0\n\0	\0	\0	\0	\0\0\0\0\0\0\0\0\0\0\0\0\0\0\0	\0\0\0\0\0\0\0\0\0\0\0\0\0\0\0\0\0\0\0\0\0\0\0\0\0\0\0\0\0\0\0\0\0\0\0\0\0\0\0\0\0\0\0\0\0\0\0\0\0\0\0\0\0\0\0\0\0\0\0\0\0\0#\0$\0&\0&\0%\0&\0*\0)\0,\0*\0)\0(\0\0\Z\0\0	\0\0\0\0\0\0\0\0	\0\n\0	\0\0\r\0\0\r\0\0\0\Z\0\r\0\0\r\0\0\r\0\0\r\0\r\0\0\r\0\0\r\0\0\0\0\0\n\0\n\0	\0\0\0\0\0\0\0\0\0\0\0\0\0\0\0\0\0\0\0\0\0\0\0\0\0\0\0\0\0\0\0\0\\\\\\\\\\\\\\\\\\\\\\\\\\\\\\\\0\0\0\0\0\0\0\0\0\0\0\0\0\0\0\0\0\0\0\0\0\0\0\0\0\0\0\0\0\0\0\0\0\0\0\0\0\0\0\0\0\0\0\0\0\0\0\0\0\0\0\0\0\0\0\0\0\0\0\0\0\0\0\0\0\0\0\0\0\0\0\0\0\0\0\0\0\0\0\0\0\0\0\0\0\0\0\0\0\0\0\0\0\0\0\0\0\0\0\0\0\0\0\0\0\0\0\0\0\0\0\0\0\0\0\0\0\0\0\0\0\0\0\0\0\0\0\0\0\0\0\0\0\0\0\0\0\0\0\0\0\0\0\0\0\0\0\0\0\0\0\0\0\0\0\0\0\0\0\0\0\0\"\0\0$\0%\0%\0$\0(\0\'\0(\0)\0)\0(\0)\0)\0)\0)\0(\0\'\0&\0%\0%\0%\0$\0#\0#\0\"\0\"\0 \0 \0 \0\0\0\0\0\0\0\Z\0\0\0\0\0\0\0\0\0\0\0\0\0\0\0\0\0\0\0\0\0\r\0\0\r\0\0\0\0\0\n\0\0\n\0	\0\0\0\0	\0\0\0\0\0\0\0\0\0\0\0\0\0\0\0\\\\\\\\\\\\\\\\\\\\\\\\\\\\\\\\\\\\\\\\\\\\\\\\\\\\\\\\\\\\\\\\\\\\\\\\\\\\\\\\\\\\\\\\0\0\0\0\0\0\0\0\0\0\0\0\0\0\0\0\0\0\0\0\0\0\0\0\0\0\0\0\0\0\0\0\0\0\0\0\0\0\0\0\0\0\0	\0	\0\0	\0	\0	\0\n\0	\0	\0	\0	\0\0\0\0\0	\0\0	\0\0	\0	\0	\0	\0\n\0\n\0\n\0\n\0\n\0\n\0	\0	\0	\0	\0\0\0	\0\0	\0\0	\0	\0\n\0\n\0\n\0\n\0\n\0\n\0\n\0\n\0\n\0\n\0	\0\n\0	\0	\0\n\0\n\0\n\0\n\0\0\n\0\0\0\0\0\0\0\0\n\0\0\0\0\n\0\0\n\0\n\0\0\0\0	\0	\0\n\0\0\0\0\0\0\0\r\0\0\Z\0\0*\0*\0*\0,\0+\0,\0.\0.\0.\0.\0.\0-\0-\0-\0,\0-\0-\0,\0,\0,\0*\0+\0,\0)\0(\0*\0$\0\'\0&\0\"\0\"\0\0\0\0\0\r\0\0\0\0\n\0\0\\0\0\0\0\0\0\0\0\0\0\0\0\0\0\0\0\0\0\0\0\0\0\0\0\0\0\0\0\0\0\0\0\0\0\0\0\0\0\0\0\0\0\0\0\0\0\0\0\0\0\0\0\r\0\0\0\0\n\0	\0\0\0\0\0\0\0\0\0\0\0\0\0\0\0\0\0\0\0\0\0\0\0\0\0\0\0\0\0\\\\\\\\\\\\\\\\\\\\\\\\\\\\\\\\\\\\\\\\\\\\\\\\\\\\\\\\\\\\\\\\\\\\\\\\\\\\\\\\\\\\\\\\\\\\\\\\\\\\\\\\0\0\0\0\0\0\0\0\0\0\0\0\0\0\0\0\0\0\0\0\0\0\0\0\0\0\0\0\0\0\0\0\0\0\0\0\0\0\0\0\0\0\0\0\0\0\0\0\0\0\0\0\0\0\0\0\0\0\0\0\0\0\0\0\0\0\0\0\0\0\0\0\0\0\0\0\0\0\0\0\0\0\0\0\0\0\0\0\0\0\0\0	\0\n\0	\0\n\0\0\0\0\0\0\0\0\0	\0\n\0\0\0\0\0\0\0\0\0\'\0(\0)\0 \0+\0+\0-\0.\0/\0-\0.\0.\0/\00\00\0/\0/\0.\0.\0-\0-\0,\0+\0)\0(\0\'\0\'\0&\0&\0%\0$\0$\0#\0\"\0\"\0\"\0!\0 \0\0\0\0\0\0\Z\0\Z\0\0\0\Z\0\0\0\0\0\0\0\0\0\0\0\0\0\0\0\0\0\0\0\0\0\0\0\0\0\0\0\0\0\0\0\0\0\0\0\0\0\0\0\0\0\0\0\0\0\0\0\0\0\0\0\0\0\0\0\0\0\0\0\0\0\0\0\0\0\0\0\0\0\0\0\0\0\0\0\0\0\\\\\\\\\\\\\\\\\\\\\\\\\\\\\\\\\\\\\\\\\\\\\\\\\\\\\\\\\\\\\\\\\\\\\\\\\\\\\\\\\0\0\0\0\0\0\0\0\0\0\0\0\0\0\0\0\0\0\0\0\0\0\0\0\0\0\0\0\0\0\0\0\0\0\0\0\0\0\0\0\0\0\0\0\0\0\0\0\0\0\0\0\0\0\0\0\0\0	\0	\0	\0	\0\0	\0\n\0\n\0\0\0\0\0\0\0\0\n\0\n\0\n\0\n\0\n\0	\0	\0	\0	\0	\0	\0\n\0\0\0\0\0\0\0\n\0\n\0\0\n\0\0\0\0\n\0\0\0\0\0\0\0\0\0\n\0	\0	\0	\0\n\0\n\0	\0\n\0	\0\n\0\n\0\n\0	\0\n\0\0\0\r\0\n\0\0\0\0	\0\0\0&\0\'\0\'\0)\0*\0+\0-\0-\0-\0.\0.\0/\0/\0/\0.\0.\0.\0-\0.\0.\0,\0+\0*\0(\0(\0*\0(\0\'\0%\0$\0$\0(\0\'\0$\0!\0\0\0\0\0\0\\\\\\r\0\0\0\0\0\0\0\0\0\0\0\0\0\0\0\0\0\0\0\0\0\0\Z\0\0\Z\0\0\0\0\\n\0\0\0\0\r\0\0\0\0\0\0\0\0\\\\\\0\0\0	\0	\0\0\0\0	\0\0\0\\\\\\\0\0\0\0\0\0\0\0\0\\\\0\0\0\0\0\0\0\0\0\0\0\0\0\0\0\0\0\0\0\0\0\0\0\0\0\0\\\\\\\\\\\\\\\\\\\\\\\\\\\\\\\\\\\\\\\\\\\\\\\\\\\\\\\\\\\\\\\\\\\\\\\\\\\\\\\0\0\0\0\0\0\0\0\0\0\0\0\0\0\0\0\0\0\0\0\0\0\0\0\0\0\0\0\0\0\0\0\0\0\0\0\0\0\0\0\0\0\0\0\0\0\0\0\0\0\0\0\0\0\0\0\0\0\0\0\0\0\0\0	\0	\0\0\0\0\0\0	\0	\0	\0\n\0	\0\0\0\0\0\0\0\0\0\0\0\0\0\0\0\0\0	\0\0\n\0\0	\0\0\n\0\0\0&\0\0%\0\'\0\'\0\'\0*\0(\0)\0*\0+\0+\0-\0,\0-\0.\0-\0,\0+\0*\0)\0\'\0(\0(\0\'\0(\0(\0(\0)\0(\0\'\0&\0$\0%\0%\0\"\0!\0\0\0\0\0\0\0\0\0\"\0#\0!\0\0\0\0\\\\\\\\\0	\0\r\0\0\0\0\0\0\0\0\0\0\0\0\0\0\0\0\0\Z\0\0\0\0!\0\0\0\0\0\0\\\\\\\\\\\\\\\\\\\0\n\0\r\0\0\0\r\0\0\0\0\0\r\0\0\\\\\0\0	\0\n\0\r\0\0\n\0	\0	\0\0\0\0\0\0	\0\n\0\r\0\r\0\r\0\r\0\0\n\0\n\0\0\0\0\0\0\0\0\0\0\0\0\0\n\0\0\0\0\0\0\\\\\\\\\\\\\0\0\0\0\0\0\0\0\0\0\0\0\0\0\0\0\0\0\0\0\0	\0\0\0\r\0\0\0\0\\\\\\\\\\\\\\\\\\\\\\\\\\\\\\\\\\\\\\\\\\\\\\\\\\\\\\\\\0\0\0\0\0\0\0\0\0\0\0\0\0\0\0\0\0\0\0\0\0\0\0\0\0\0\0\0\0\0\0\0\0\0\0\0\0\0\0\0\0\0\0\0\0\0\0\0\0\0\0\0\0\0	\0	\0\0\0\0\0\0\0	\0	\0	\0	\0	\0	\0\0\0\0\0	\0	\0	\0\n\0	\0	\0\0\0\0\0\0	\0\0\0\0\0\0\0\0\0\0\0\0\0\0\0\0\0\0	\0\n\0	\0\0\0\0\0\r\0	\0\0\0\0\0\0\0\'\0&\0\"\0\0\Z\0\0\0\0\0\0\0\0\0\0\0\0\0	\0\n\0	\0\0\0\0\0\0\0 \0 \0#\0#\0%\0(\0\'\0(\0(\0\'\0*\0.\0-\0+\0)\0$\0\0\0\0\0\0\0\\\\\\\\\\\0\0\0\0\Z\0\0\0\0\0\0\0\0\0\0\0\0\0\0\0\0&\0&\0$\0#\0\0\0\\\\\\\\\\\\\\\\\\\\\\\\r\0\0\0\0\0\0\0\0\0\Z\0\0\0\\\\\\\\\\\\\\\\0\0\0\0\0\0\0\0\0\0\0\0\0\0\0\0\0\0\0\0\0\0\0\0\0\0\0\0\0\\\\\\\\\\\\\\\\\\\\\\0\0\0\0\0\0\0\0\0\\\\\\\\\\\\\\\\\\\\\\\\0\0\0\0\0\0\0\0\0\0\0\0\0\0\0\0\0\0\0\0\0\0\0\0\0\0\0\0\0\0\0\0\0\0\0\0\0\0\0\0\0\0\0\0\0\0\0\0\0\0\0\0\0\0\0\0\0\0\0\0\0\0\0\0\0\0\0\0\0\0\0\0\0\0\0\0\0\0\0\0\0\0\0\0\0\0\0\0\0\0\0\0\0\0\0\0\0\0\0\0\0\0\0\0\0\0\0\0\0\0\0\0\0\0\0\0\0\0\0\0\0\0\0\0\0\0\0\0\0	\0	\0\0\n\0	\0\0\0\0\0\0\0\0\0\0\0\0\0\0\0\0\0\0\0\0\r\0\0\0\0\0\0\0\0\0\0 \0 \0!\0 \0\0\0 \0 \0!\0\"\0#\0#\0&\0&\0&\0&\0%\0$\0*\0*\0*\0*\0%\0\0\0\\\\\\\\\\\\\\0\0\0\0\0\0\0\0\0\0\0\0\0\0\0\0\Z\0\0\0\0\0\0!\0 \0\0\0\0\\\\\\\\\\\\\\\\\0\0\0\0\0\Z\0\0\0\0\0\0\0\0\0\0\0\0\\\\\0\0\0\\\\\\\\\0\0\0\0\0\0	\0\0\r\0\0\0\0\0\0\0\0\r\0\0\n\0	\0	\0\n\0\0\0\0\0\0\0\0\0\0\0\0\\\\\\\\\\\\\\0\0\0\0\0\\\\\\0\n\0\r\0\0\0\0\0\\\\\\\\\\0\0	\0\0\0\0\0\0\0\0\0\0\0\r\0\r\0\n\0\\\\\\\\\\\\\\\\\\\\\\\\\\\\\\\\\\\\\\\\0\0\0\0\0\0\0\0\0\0\0\0\0\0\0\0\0\0\0\0\0\0\0\0\0\0\0\0\0\0\0\0\0\0\0\0\0\0\0\0	\0	\0	\0\n\0\0\n\0\n\0\0\0\0\0\0\0\0\0\0\0\0\0\0\0\0\0\0\0\0\0\0\0\0\0\0\0\0\0\0\0\0\0\0\0\0\0\0\0\0\0\0\0\0!\0!\0\"\0#\0$\0#\0$\0%\0%\0&\0%\0#\0!\0 \0\0\0\0\0\0\0\0\0\0\0\0\0\0\0\0\0\0\0\0\0\0\0\0\0\0\0\0\0\0\0\0\0\Z\0\0\0\0\0\0\"\0 \0\0\0\0\0\\\\\\\\\\\\\\\\\0\0\0\0\n\0\0\0\0\0\0\0\0\0\0\0\0\0\0\0\0\0\0\0\0\0\r\0\r\0\0	\0\0\0\0\0\0\0\0\0\0\\\\\\\0\0\0\0\0\0\0\0\0\0\0\0\0\0\0\0\0	\0\0\0\0\0\0\n\0\0	\0\0\0\0\0\0\0\0\0\0\\\\\\\\\\0\0\0\0\0\0\0\0\0\0\0\0\0\0\0\0\0\0\0\0\0\0\0\0\0\0\0\0\0\0\0\0\0\\\\\\\\\0\0\0\0\0\0\0\0\0\0\0\0\0\0\0\0\0\0\0\0\0\\\\\\\\\\\\\\\\\\\\\\\\\\\\\\\\\\\\\\\\\\\\\\\\\\\0\0\0\0\0\0\0\0\0\0\0\0\0\0\0\0\0\0\0\0\0\0\0\0\0\0\0\0\0\0\0\0\0\0\0\0\0\0\0\0\0\0\0\0\0\0\0\0	\0	\0	\0\n\0\0\0\0\n\0	\0\0\0\0\0\0\0\0\0\0\0\0\0\0\0\0\0\0\0\0\0\0\0\0\0\0\0\Z\0\0&\0\0\0\0\0\0\Z\0$\0&\0\'\0(\0)\0*\0+\0,\0+\0+\0*\0)\0\'\0&\0%\0$\0#\0#\0#\0!\0!\0 \0\0\0\0\Z\0\Z\0\0\0\0\0\Z\0\0\0\0\0\0\0\0\0\Z\0\0\Z\0\Z\0\0\0\0\0\0\0 \0 \0\0\0\0\0\\\\\\\\\\\\\\\\\0	\0\0\0\0\0\0\0\0\0\0\0\0\0\0\0\0\0\0$\0%\0#\0\0\0\0\0\0\0\0\n\0	\0\0\0\r\0\n\0\0\\\\0\0\0\0\0\0\0\0\0\0\0\0\0\0\0\0\0\0\0\0	\0	\0\0\0\0	\0	\0\0\0\0\0\0\0\0\0\\\\\\\\\0\0\0\0\0\0\0\0\0\0\0\0\0\0\0\0\0\0\0\0\0\0\0\0\0\0\0\0\0\0\0\0\0\0\\\\\\\\0\0\0\0\0\0\0\0\0\0\0\0\0\0\0\0\0\0\0\0\0\0\0\0\0\\\\\\\\\\\\\\\\\\\\\\\\\\\\\\\\0\0\0\0\0	\0\0\\\\\\0\0\0\0\0\0\\\\\\\\\\\\\\\\0\0\r\0\0\0\0\0\0\0\0\0\0\0\0\0\0\0\0\0\0\0\0\0\0\0\0\0\0\0\0\0\0\0\0\0\0\0\0\0\0\0\0\0\0\0\0\0\0\0	\0\0\0\0\0\0\0\0\0\0\0\0\0\0\0\0\0\0\0\0\0\0\0\0\0\0\0\0\0\0\0\0%\0\'\0)\0&\0$\0\"\0!\0 \0\0#\0%\0(\0*\0+\0*\0*\0*\0*\0)\0)\0(\0\'\0%\0\"\0\0\0\0\0\Z\0\0\0\0\0\0\0\0\0\0\0\0\0\0\0\0\0\0\0\0\0\0\0\Z\0\Z\0\Z\0\Z\0\Z\0\0\"\0\"\0\"\0 \0\Z\0\0\\\\\\\\\\\\\\\0\0\0\0\0\0\0\0\0\0\Z\0\0\0\0\0\0\0(\0:\0>\0@\0=\08\0(\0\0\0\0\0\n\0\0\0\0\0\0\0\\\\\\\0\0\0\0\0\0\0\\\0\0\0\0\0\0\0\0\0\0\0\0\0\0\0\0\0\0\0\\\\\0\0\0\0\\\\\\\\0\0\0\0\0\0\0\0\0\0\0\0\0\0\0	\0\0\0\0\0\0\0\0\0\0\0\0\0\0\0\0\0\\\\\\\\\\\\\\0\0\0\0\0\0\0\0\0\0\0	\0	\0	\0\0\0\0\0\0\0\0\0\0\\\\0\0\0\0\\\\\\\\\\\\\\\\\\\\\\\\\\\\\\\\\\\\\\0\0\0\0\0\0\0\0\\\\\\\\\\\\\0\0\0\0\0\0\0\0\0\0\0\0\0\0	\0\0\0\0\0\n\0\0\0\0\0\0\0\0\0\0\0\0\0\0\0\	\0\0\r\0\0\0\0\0\0\0\0\0\0\0\0\0\0\0\0\0\0\0\r\0\0	\0\0\0\0\0\0\0\0\0\0\0\0\0\0\0	\0\n\0\0\r\0\r\0\0\0\0\0\0\n\0\0\0\0\0\0\0#\0&\0%\0%\0\"\0\0\0\0\0\0\0\0\0\0\0\0\r\0\0\0\0\0\0\0\0\0 \0\0 \0\0 \0 \0#\0\'\0)\0*\0,\0,\0.\0/\0.\0+\0(\0(\0*\0/\00\0/\0,\0+\0)\0\0\n\0\0\\\\\\\\\\\\\\\\\\\\\0\0\n\0\0\0\0#\0(\04\03\00\0&\0$\0#\0$\0&\05\0<\0P\0T\0U\0R\0Q\0K\01\0+\0\"\0\Z\0\0\0\0\\\\\\\\\\\\\\\\\\\\0\0\0\0\0\0\0\0\0\0\0\0\0\0\0\0\\\\\\\\\\\\\\\\0\0\0	\0\0\r\0\r\0\0\0\0\0\0\0\0\0\0\0\0\0\0\0\0\0\0\0\0\0\0\\\\\\\\\\\\\\\\\\\\\\0\0\0\0\0\0\0\0\0\r\0\0\r\0\0\0\0\\\\\\\\\\\\\\\\\\\0\0\0\0\0\0\\\\\\\\\\\\\\\\\\\\\\\\0\0\0\0\0\0\0	\0	\0	\0	\0\n\0\n\0\0\0\0\0\r\0\0\\\\\\\\\\\\\\\\\\\\\\\\\\\0\0	\0\n\0\0\0\0\0\r\0\0\0\0\0\0\0\0\0\0\0\0\0\0\0\0\0\0\0\0\0\0\0\0	\0\0\0\0\0\0\\\\\\\\\\\\\\\\\\\\0\0\0\0	\0\r\0\Z\0\0!\0#\0$\0#\0#\0#\0#\0&\0\'\0(\0&\0#\0\0\0\0\0\0\0\n\0\0\0\0\0\0\0\0\0\0\0\0\0\0\0\0\0\0\0\0\0\0\0\0\0\0\0\0\0\0\0\0\0\0\0\0\0\0\r\0	\0\0\0\0\0\0\0\0\0 \0\"\0$\0\'\0(\0+\0+\0,\0-\0.\0/\01\0.\0.\00\03\09\0?\0J\0I\0J\0G\0:\0=\0;\08\0;\06\0-\0\0\0\\\\\\\\\\\\\\\\\0\0\0\0\0.\0@\0F\0J\0L\0M\0L\0M\0L\0J\0J\0N\0P\0T\0Z\0[\0f\0Z\0R\0F\0\'\0\0\0\\\\\\\\\\\\\\\\\\\\\\\\\n\0\0\0\"\0\0\0\0\0\0\0\Z\0\0\0\0\0\\\\\\0\0\0\0\\\\\\\\\0\0\0\0\0\0\n\0\0\0\0\0\0\0\0\r\0\n\0\0\0\0\0\0\0\0\0\\\\\\\\\\\\\\\\\\\\0\0\0\0\\\\\n\0\0\0\0\0\0\0\0\0\0\0\0	\0\\\\\\\\\\\\\\\\\\\\0\0\0\0\0\0\0\\\\\\\\\\\\\\\\\\\\\\\\\\\\0\0	\0\n\0	\0\0\0\0\n\0\0\r\0\0\0\0\0 \0\0\0\0\0\\\\\\\\\\\\\\\\\\\\\\\\\\\\\\\\0\0\0\0\0\0\0\0\0\0\0\0\0\0\Z\0\0\0 \0$\0%\0$\0#\0\"\0\0\0\0\0\0\0\0\0\0\0\n\0\0\0\0\0\0\0\0\r\0\0\0\0\r\0\0\0\0\n\0\0\0\0\0\0\0\0\0\0\0\0\0\0\0\0\0\0	\0\n\0\n\0\n\0\0\r\0\0\0\0\0!\0\"\0#\0%\0&\0(\0)\0+\0,\0+\0+\0(\0&\0$\0\"\0!\0 \0 \0 \0\0\0\0\Z\0\0\0\0\0\0\0\0\0\0\0\0\0\0\0-\00\03\04\05\06\07\08\0;\0=\0?\0B\0R\0T\0[\0k\0m\0o\0u\0q\0e\0V\0L\0E\0%\0\0\\\\\\\\\\\\0\03\0P\0W\0^\0_\0Z\0U\0=\05\02\01\0@\0V\0a\0w\0~\0\0\0\0h\0Q\05\0\'\0\0\\\\\\\\\\\\\\\\\\\\\0\0%\0*\0\0\0\0\0\0$\0%\0$\0$\0\0\0\\\\\\\\\\\\\\\0\0\0\0\0\0\"\0*\08\0;\01\0,\0)\0\0\0\0\0&\0\'\0$\0!\0\0\0\\\\\\\\\\\\\\\\\\\\\\n\0\0\0\0\0\0\0\0\0\0\0\0\0\n\0\\\\\\\\\\\\\\\\\\\\\\\\\\\\\\\\\\\\\\\\\\\0\0\0\n\0\0\0\0\0\0\0\0\0\0\0\Z\0\0\0\0\0\r\0\0\0\\\\\\\\\\\\\\\\\\\\\\\\\\\0\0\0!\0$\0%\0\'\0%\0$\0#\0#\0!\0!\0 \0 \0!\0$\0$\0&\0#\0 \0\0\0\r\0\0\0\\0\0\0\0\0\0\0\0\0\0\0\0\0\0\0\0\0\0\0\Z\0\0\0\0\0\0\0\0\0\0\n\0\n\0\0\0\0\0\0\0\0\0\0\0\0\0\0,\0,\0-\0/\01\03\07\07\09\09\08\06\04\00\0.\0+\0*\0*\0)\0\'\0&\0#\0 \0\0\0\0\0\0\0\0\0\0 \0#\0%\0$\0#\0!\0\"\0#\0(\0)\0,\0:\0/\0?\07\0B\0A\07\0@\0<\0>\0@\0=\05\0,\0\0\0\0\\\\\\\\\\\\\\\\0#\02\0A\0b\0k\0n\0p\0a\0N\0J\0D\0?\0D\0H\0Y\0g\0\0\0~\0t\0[\0E\0#\0\0	\0\0\\\\\\\\\\\\\\\\\\0\0.\0;\0<\0%\0#\0\0\0\0!\0!\0%\0\"\0\0\0\\\\\\\\\\\\\\0\0\0\0\0$\0+\00\0A\0F\0I\0N\0N\0J\0G\0D\0B\05\07\03\00\01\0*\0\0\0\0\\\\\\\\\\\\\\\\\\\\\0\0\0\0\0\0\0\0\0\0\0\0\\\\\\\\\\\\\\\\\\\\\\0\0	\0\0\0\0\0\0\0\0\0\0\\\\\\\\0\0\Z\0\0(\0+\0-\0,\0(\0#\0\0	\0\0	\0\0	\0\0\0\0\0\0\0\\\\\\\\\\\\\\\\\\\0\0\n\0\r\0\r\0\0\0%\0\'\0*\0(\0(\0)\0\0\0\0\0\0\0\0\0\0\0\0\0\0\0\0\0\\\0\0\0\0\0\0\0\0\0\0\0	\0\0\0\0\0\n\0\0\Z\0\Z\0\0\0\0\0!\0,\0+\0+\0)\0\'\0&\0%\0%\0$\0#\0 \0\"\0\0 \0!\0!\0-\0\"\0.\0#\0$\0#\0#\0\"\0\"\0\0\0\0\0\0\0\0\0\0\0\Z\0\0\0\0\0\Z\0\0\0\0\0\0\0\0\0\0\0\0\0\0\0\0\0\0\0!\0$\0-\0A\0G\0K\0O\0[\0\\\0_\0_\0`\0e\0h\0l\0p\0p\0\0\0~\0}\0\0\0\0\0}\0v\0P\0<\0\0\\\\\{oQjj}\\	\0*\0M\0i\0\0\0\0\0\0v\0U\0Q\0M\0`\0}\0\0\0\\0\\0\\0\0\0~\0S\07\0\0\0\0\r\0\0\\\\\\\\\\\\0\0&\00\0!\0\0&\0#\08\0L\0O\0N\0@\0)\0\n\0\\\\0\0\0\0\\\\\\\\0)\09\0A\0U\0[\0]\0W\0E\0=\08\0+\0.\0/\0@\0?\0=\08\0\0\0\\\\\\\pe[`g\\\\\\\\\\\\0\0\0\0#\0\'\0<\0>\0@\0@\0=\0+\0\0\0\0\\\\\\\\\\\\\\\\\\0\n\0\0\0\0\0\\\\\\0\0\0 \0!\0\"\0!\0#\0%\0*\02\09\0<\0@\0A\0=\0,\0\0\0\0\0\0\0\\\\\\\\\\\\\\\\\\\\0\0\0\r\0\0\0\Z\0\0\0\Z\0\0\0\Z\0\00\03\04\04\02\0.\0\0\0\0\0\0\0\0\0\0\0\0\0\0\0\0\0\0\0\0\\\0\0\0\0\0\0\0\0\0\0\0\0\0\0\0\r\0\0\0\0\0\0\0\Z\0\0\0\0\0\0\0\0\0\n\0\0\Z\0\0,\0#\0\'\05\0:\0?\0B\0B\0B\0C\0C\0@\0>\09\08\07\0<\0=\0C\0P\0O\0M\0=\0B\00\0\'\0\0\0\0\r\0	\0\0\0\0\0\0\0\0	\0\0$\01\06\0;\0>\0D\0K\0h\0k\0p\0u\0}\0\0\0\0\0\0\0\0\0\0\0\0n\0R\02\0\0\x]OD@LRe\\\00\0F\0f\0~\0\0\0\0\0\0{\0y\0z\0~\0\0\0\0\\0\\0\\0\\0\0\0k\0=\0$\0\\\\\\\\\\\\\\\	\0%\00\0D\0J\0J\0K\0?\0;\0;\0>\0=\0/\0.\0#\0\0\\\\\vy\\\\n\0\0\0=\0C\0R\0Y\0i\0s\0s\0l\0c\0`\0`\0X\0U\0_\0_\0X\0C\0/\0\0\0\\\\sieWYj\\\\\\\\\\0\0\0!\0(\0.\02\01\0,\0\'\0\0\\\\\\\\\\\\\\\\\\\\0\0\0\0\0\0\0\0\0\0\0\0\0\0\\vrpml^jhlln}s~\\\0\Z\0&\03\07\08\07\03\03\0!\01\0)\09\0<\0?\03\05\0.\0+\0\0\0\\\\\\\\\0\0\0\0\0\0\0\0\0!\0\0$\0$\0&\0)\0+\0*\0)\0&\0%\0\0\0\0\Z\0\0\0\0\0\0\0\0\\\\\\\\\\\\\\0\0\0\0\n\0\n\0	\0\0\0\0\0\0\0\0 \0%\0(\04\04\02\0.\0$\0%\0%\0#\0 \0*\0*\0*\0(\0\"\0\0\Z\0\0 \0\"\0/\0=\0B\0H\0O\0Q\0O\0L\0J\0K\0?\0>\0:\08\09\0>\0>\0>\0F\0C\0F\0;\0<\0<\07\0.\0\0\0\0\0\\\\\\0\0\0\0\0\0\0\0\0$\0.\0<\0H\0]\0k\0\0\0\0\0\0\0\\0\\0\\0\\0\0\0\n\0\0\\0\\0\\0\0\0\0v\0D\0\0\\pph`aVF1\\1Z\*\0G\0u\0\0\0\\0\\0\\0\\0\\0\\0\\0\\0\\0+22(\\0\0\0^\07\0\Z\0\\}\\\0,\0;\0H\0D\0H\0D\0D\0I\0D\0E\06\0\'\0\0\qw\\\\0#\00\0K\0X\0t\0\0\0\0\0\0\0\0\0\0d\0i\0W\0E\0>\07\0+\0&\0	\0\\\zsH>4)+Kf\\\\\\\\\\0\01\0<\0B\0Q\0U\0J\0E\0C\0<\07\06\0\0\0\\\\\\\\\\\\\0\0\0\0\0\0\0\0\0\0\0\0	\0\0\0\\~zhda[TMHECFJakr\\	\00\0J\0c\0k\0o\0f\0_\0^\0c\0d\0f\0h\0]\0V\0D\0=\0%\0 \0\0\0\0\\\y_T\\VY]`ovru{~\\\\\\\"\00\0@\0X\0d\0h\0k\0i\0e\0_\0L\0F\0G\0H\0I\0N\0M\0K\0;\04\0.\0\0\0\0\0\0\0\\\\\\\\\\\\\\\\\\\\0\0\r\0	\0\0\0\0\0\0\0\0\0\0\0\0\0\0 \0(\0\Z\0#\0\n\0(\0\0.\0\0/\0*\0 \0\0\0\0\0\0\02\08\0I\0L\0J\0F\0B\09\03\02\0@\0C\0J\0Z\0\\\0^\0^\0\\\0[\0V\0Q\0R\0N\0P\0T\0T\0R\0E\0O\0=\0,\0&\0\0\0\0\0\0\0\0\0\0\0\0\0\0\0\r\0\0\0\Z\0\08\0=\0>\0>\0@\0F\0a\0t\0\0\0\0\0\0\\0\\0\\0\\0\\0\\0\\0\\0\0\0\\0\\0\\0\\0\\0\\0\\0\0\\0\\0\0O\0\0Z\\0+H^l]H\\%Rn\\0S\0\0\\0G>9\\0\0\0\0\0\\0=\.\\0\0]\0=\0\'\0\0%\0\0\0\0\Y,%.WwC3|\0\0\0\0\0A\0g\0\0\0\0S\0\0\t\\0\0\0\oj|\\\\0K\0e\0\0\0\0|\0e\0F\0>\0.\0.\0B\0L\0_\0d\0O\0@\0!\0\aE$\\\\r,\\}\\\\\\\\\\r\0#\03\0L\0W\0l\0d\0e\0R\0N\0@\0\"\0\0\\\\\\\\\\\\\\\\\\\\ql`PPL^fw~~uy\\n\0\Z\0\0!\0!\0\0\0\0\0&\03\07\0?\0F\0>\0:\0+\0\0\0\0\0\0\0\0\0\\~}zz\\\\0\0&\08\0I\0B\0=\0>\0B\0C\0H\0M\0[\0_\0d\0`\0]\0J\0D\0C\09\07\0;\0<\09\0:\0\'\0\Z\0\0\\\\\\\\\\\\\\\\0\0\0\0\0\0 \0#\01\0#\0!\0\0\0\0\0\0\0\0\0)\0$\0)\0\0\0\0\0\0	\0&\0,\08\08\0B\0D\0J\0I\0K\0a\0S\0`\0c\0r\0x\0|\0}\0\0\0\0\0\0\0\0\0\0z\0v\0l\0e\0^\0V\0C\0.\0\'\0\0\0\0\0\0\0!\0.\08\0>\0B\0=\0;\09\0I\0G\0L\0`\0k\0\0\0\0\0\\0\\0\\0\0)E9\"\0\0b\0pRSd\\0\\H\\\<g\B\0\0\\0\0\0\\0\0?\0&\0\"\0M\0\0[\\6\\0\0C\0\0\0\_:3Dz%\0\'\0\0sSMo6\0a\0\0y\0g\0b\0L\0R\0d\0\0\0\0\0\0U\0\0S$\Z4i\\a2\n\0\0)Ms\\0\'\0e\0\0\0\\0\\0\\0\0\0z\0\0}\0\0\0\0\0\0\0\\\0@\0\0\\\\\\Z,\\\\-I\\\\\\\\\00\0H\0O\0V\0I\0?\0\'\0\Z\0\v\\\\\\0,\03\04\0#\0\0\0\0\0%\0!\0+\0\0\naNJL<:1&(B_z~~vscny\\ \0N\0U\0U\0G\0%\0\"\0\0\0\0#\0%\0 \0\0\0\0\\\\\\\\\\\\\\\\\\\	\0\0\0\0\0\0\0\0\0\0%\0,\02\0H\0>\0Z\0P\0A\0N\0C\0L\0B\0C\0P\0G\0I\0G\0D\0A\01\0,\0\0\0\0\0\0\0\0	\0\\\\\\\\\\\\\\\\\\\\0\0\0#\0$\0&\0(\09\0=\0N\0N\0^\0`\0c\0c\0c\0]\0^\0Z\0\\\0\\\0Z\0d\0V\0d\0Y\0]\0a\0e\0t\0y\0x\0w\0q\0i\0e\0`\0]\0\\\0[\0Z\0a\0e\0h\0i\0f\0l\0X\0O\0D\0:\00\0+\0 \0\0\0\0\0\0\0	\0\r\0\"\0\03\0=\0V\0U\0Z\0c\0d\0w\0y\0\0\0\0\\0\\0\0		#3SWi_T#\\0\0/\0\V??I{mK\r\\\8x$\0\0\\0\Z;E=\n\\0\0p\0~\0\0\\0\"|\\v\\0u\0D\0\0\0\\S?E]\\\rHBR\0:\0h\0o\0m\0X\0P\0L\0W\0v\0\0\0\0\0l\0)\0\U1;Y\\b2\0;m\\\\0M\0\0\0\\0\\0\0\\0\\0\0\0\0\0\0\0\0\0\0\0N\0\0\\\j/\\\=l\\\\\\\0(\06\0;\0F\0B\0*\0\r\0\\\\\\\\\0\n\0\0\0\0\Z\0\0\0\0\0\'\0\0\0\0\0\0\\xVA\r\\\\Z&AYn}\\\n\03\0L\0g\0t\0y\0r\0T\0K\0D\0;\0C\0H\0S\0l\0^\0O\0H\02\0\0\0\sokkvulXOHG<MUkt|}|z{}\\0\0\0\0\0\0\0\0 \05\0?\0I\0K\0H\05\0-\0%\0\0\0!\0*\0D\0T\0X\0Y\0V\0M\05\0\0\\0\0\0\0\0\0\\\\\\\\\\\\\\\0\0\0 \03\06\04\04\03\02\07\0>\0D\0\\\0^\0j\0f\0_\0S\04\0:\07\08\0=\0P\0O\0S\0Q\0_\0]\0O\0Y\0Y\0f\0c\0w\0y\0|\0}\0z\0j\0\\\0W\0g\0i\0i\0{\0|\0y\0p\0l\0b\0Q\0G\0:\0*\0\0\Z\0\n\0\0\0\0\0\\\0\0\0\0\0\0\08\0M\0x\0\0\0\\0\\0\0	!*JT^x{gW)\0\0O\0\7\\\\\z[F,O{\-\0t\0\\0T{X1\0\\0\0=~\\\_\0N\0\0\o?.#&=b\\\ts\\0A\0T\0i\0m\0^\0X\0R\0T\0Y\0b\0a\0S\08\0\A\"\ZE_\x[OR]|\\\n\0\Z\0:\0]\0q\0\0\0\\0\0\0\0\\0\0\0\0v\0n\0_\0\\\0Y\0N\0)\0\0\|xa]SI9\\\\\(i\\0\r\0\0\0\\\\\0\02\0@\0K\0W\0G\0=\00\0\0\0\0\\\\\\\\\\0\0 \0\0\0\0\0\0\0\\\\\kQ=\"\0\0\r.?Oz\\\\Z\0/\0b\0u\0\0\0\0|\0^\0W\0@\05\0\0	\0\0\\\\\\{qllov\\\\\\\\\\\\\\\\\0\Z\02\0?\0R\0Y\0\\\0]\0]\0[\0X\0T\0C\0C\0E\0I\0K\0K\0S\0C\0D\0H\08\02\00\0\'\0\0\\\\\\\\\\\\\\\\0\0\0$\0+\0=\0@\0B\0>\0=\0=\0?\0@\0B\0K\0L\0L\0K\0K\0I\0B\0>\0;\05\03\0!\0%\0#\0#\0 \0\"\0\09\0=\0B\0T\0Z\0i\0s\0\0\0\0\0\0\0\0\0\0\0\0\0\0\0\0\0\0\0l\0g\0_\0N\0R\0D\0:\03\0&\0\0\0\0\0\0\0\0\0\0\0\0\0%\0@\0Y\0g\0\0\0\0\\0\\0\0\0\r(@\\isC\0^\0\0j0\\\\\\lanSY\0\0\06j|n[<\\0\\0\\0\\0\0-f}6\0\0e\0\0\{mpkmjv\\\\\\\0\"\00\0:\0A\0<\0:\09\03\0\0\0\\Y@( (Pa\\q|\-\0N\0q\0\0\0\0\0\\0\\0\\0\0\0\0k\0N\09\0/\0\0\0\0\n\0\\qu_VI00Us\\\\\\\\	\0\0\Z\0)\0\0\0\\\\\\0\0 \0\0\0\0\0\\\\\\\\\\{gO<\\\\\DS_phx\\\\0\0 \02\09\0>\03\0/\0%\0\0\\\\\u\\\\\\\\\\\r\0\0\0#\0(\0/\03\02\00\00\00\01\03\02\04\08\0B\0I\0P\0R\0Q\0a\0G\0C\0/\0 \0\0\\\\\\\\\\\\\\\\\\\\\\n\0\0\"\0,\0H\0L\0N\0E\0R\0C\0D\0C\0O\0P\0I\0T\0S\0Q\0O\0P\0L\0<\0H\0D\0N\0B\0N\0X\0Q\0^\0]\0e\0c\0c\0d\0j\0z\0\0\0\0\0\0\0\0\0\0\0\0\0\0\0\0\0}\0|\0t\0_\0_\0W\0S\0I\0R\0W\0H\0J\0=\05\0,\0#\0\0\0\0\02\0<\0T\0k\0\0\0\0\0\0\0\\0\\0\\0\0\0\n$+6ITky~pJ!\\0\0w\0<\0\oM0!\\\\\/d\-\0o\0\0\\0&\"6AZu|~XD\Z\\0\0{\0H\0\0\\\\	\0\0#\0\Z\0\0\0\0\\\~mxz\\\\\\\\\0\0\r\01\0D\0d\0q\0}\0\0\0\0\0\0\0\0s\0e\0T\07\0+\0\0\0\0\\\\\\bT:*\0);Uq\\\\0\0-\0%\0\0\n\0\\\\\\\\\\\\\\\\\\liTK50!\\\\\\\r%=;KUh}\\\\\\n\0\r\0\0\0\0\0\\\\\\\\\\\\\\\\0\0\0\0(\01\0D\0;\0O\0W\0]\0b\0d\0o\0b\0R\0N\0L\0F\08\00\0*\0\'\0\Z\0%\0\0%\0\0\0\0\0\0\\\\\\\\\\\\0\0\0\0\"\0\"\0*\0)\0@\05\09\0:\0@\0L\0O\0_\0c\0e\0k\0f\0a\0d\0c\0b\0W\0^\0`\0b\0^\0Y\0X\0W\0`\0V\0d\0r\0v\0y\0y\0\0\0\0\0\0\0\0\\0\0\0\0\0\0\0\0\0\0{\0|\0\0\0v\0r\0z\0g\0k\0U\0H\0J\04\0$\0\0\0\0\0\Z\0&\0-\0B\0L\0k\0z\0\0\0\\0\\0\\0\\0\\0\\0\\0\0\0\0!;RwvX\\0\0T\0\0\p]UDJB3\\:\,\0}\0\0\\0\Z(\Z\\0\\0\\0\\0\\0\\0/JSsVA!\0\\0\0`\0\0\\\\0\0\0\0\0\\x{\\0\0\0\r\0\p\\K@E<UZpx\\\n\0(\0J\0c\0z\0\0\0\0\0\0\0s\0f\0O\0I\0;\0%\0\0\0\\\\\\\we?*	)1Cdlsqbsq\\\\\\\\0\\\\\\\\\\\\\\\`=\\\\\	\'3\\p\\\0\0\0\0	\0\0\\0\\\\0\{xx~{~~t{z\\\\n\0\0+\00\03\0C\0=\0A\0S\0X\0Z\0^\0b\0d\0[\0_\0]\0^\0N\0N\0I\0:\04\0\"\0+\0\r\0\n\0\0\0\\\\\\\\\\\\\\\\\\\\0\0\0\0%\0:\0@\0U\0W\0W\0Y\0]\0j\0a\0o\0j\0m\0p\0p\0r\0w\0\0\0\0\0\0\0\0\0\0\0~\0\0\0\0\0\0\0\0\0\0\\0\\0\\0\\0\\0\0\0\0\0\0\0\0\0\0\0\0}\0y\0v\0s\0o\0j\0f\0`\0[\0U\0a\0Z\0V\0`\0[\0c\0W\0m\0h\0j\0v\0\0\0\0\0\0\\0\\0\0\0\0\"*/1DMNL]brs~kV&\0\\0}\06\0\0\0\{qZZ`UkXf@H(\n\0\'N\n\0H\0\0\\0\\0\0\\0\0\0\0\0\\0\\0DpcJ\\0\0G\0\0\\r\0\'\0F\0V\0b\0r\0a\0G\0\'\0\\)\n\"E}\\\\\\zX\'	*St\\0\0\0\0\\\\\0>\0^\0m\0\0\0\0\0h\0I\0:\0\0\0\\\\\\\\\\\u[V=65.( \Z\Z2)<MSury{{}s\\\\\\\y\\\\\\\\vfiyx{rhO.\\\\(#<Nat\\\\\\\\\\\\\\\\\\|xsRXLTZco}\\\\0\0(\0J\0W\0m\0u\0~\0\0\0\0{\0g\0N\0N\0[\0`\0b\0_\0`\0V\0M\0O\0M\0B\02\0 \0\0\0\\\\\\\0\n\0\0\0\0\r\0\0\0\0\0\Z\0!\0&\08\0?\0Z\0W\0]\0^\0^\0^\0`\0`\0d\0a\0f\0e\0a\0o\0i\0j\0t\0k\0\0\0\0\0\0\0\0\0\0\0\\0\\0\\0\\0\\0\\0\\0\0\0\0\\0\\0\\0\\0\0\\0\\0\\0\\0\\0\\0\\0\\0\0\0\0\0\0\0\0|\0n\0o\0n\0k\0n\0p\0q\0\0{\0\0\0\0\0\0\0\0\0\0\0\0\0\0\0\\0\\0\\0\\0\0\r\r#(!0&)/\\0\\0\0\0i\0X\0-\0!\0\0\0\0\0\\\\\\\\0\0\0/\08\0H\0U\0I\0W\0Z\0U\0_\0Z\0n\0t\0|\0\0\0\0\0\0\\0\\0\\0\\0\\0\\0\0\0\0w\0t\0b\0R\0Y\0J\0K\0I\0V\0W\0;\0@\0/\0!\0\r\0\\vnoqyx\\\\\\\\\\\\\\n\0\0\\\\\\\\\\\\pahYHTQSXYagcefcngpfiwsqp[^SCD:+0\"\'\')39HJQ^[ox\\\\\\\\\\\\\\\\\\\\\\\\\\\\\\0\0\r\0\0\n\0\0\0\0\n\0\0\0\0\0#\0\0,\0/\0\'\0(\0\0*\0 \0 \0\0\0\0\0\0\0\0\0\0\0\0\0\0\0\0\0\0\0\0\0\0\"\0#\00\04\0<\0E\0E\03\03\01\06\04\01\0-\0,\0(\0$\0,\0#\00\0&\01\0*\08\07\0:\0D\0B\0@\06\0A\0A\07\0B\0C\0M\0J\0U\0b\0e\0g\0u\0|\0\0\0\0\0\0\0\0\0\0\0\0\0\0\0\0\0\0\0\0\0\0\0\0\0\0\0\0\0\0\0\0\0\0\0\0\0\0\0\0\0\0\0\0\0\0\0\0\0\0\0\0\0\0\0\0\0\0\0\\0\\0\\0\\0\\0\\0\\0\\0\\0\\0\\0\\0\\0\\0\\0\\0\\0\\0\\0\\0\\0\\0\\0\\0\\0\\0\\0\\0\0\0\0\0\0\0\0\0\0\0\0\0\0w\0m\0e\0]\0_\0[\0Y\0`\0^\0d\0]\0i\0Z\0e\0a\0\\\0]\0e\0c\0Z\0b\0b\0g\0X\0d\0d\0X\0g\0d\0i\0q\0f\0l\0g\0]\0T\0L\0E\0K\03\01\0%\0\0\Z\0\0\0\0\0\0\0\0\0\\\\\\\\\\\\\\\\}wqfdcc^^`W[b`dihleji[TH<E?@AESYR__bdWaUPFGOISUN_b\\jlyhrbmkckelgvp{vx}|yxakddgmnrjjlf\\]^]TMNOTWWNFTOTXZZVXNPS`Y_]chornn{x\\\\\\\\\\\\\\\\\\\\\\\0\0\0\0\0\0\0\0\0\0\0\0\0\0\0\0\0\0\0\0\n\0\0\0\0\0\0\r\0\0\0)\0#\0)\04\0:\03\0>\0?\0B\0B\0E\0F\0G\0J\0M\0P\0P\0S\0]\0T\0e\0\\\0s\0_\0l\0t\0c\0m\0g\0j\0d\0o\0k\0p\0d\0y\0q\0v\0\0y\0\0u\0\0u\0z\0\0\0\0\0\0\0\0\0\0\0\0\0\0\0\\0\\0\\0\\0\\0\\0\\0\\0\\0\\0\\0\\0\0\Z\r\r\n\n\0\0\0\0\0\0\0\r\n\"\")$&+0%!!\0\\0\\0\\0\\0\0\0\0\0\0\0\0\0\0\0\0u\0n\0f\0V\0X\0Q\0I\0C\0@\0J\0J\0V\0U\0]\0\\\0R\0Y\0Z\0V\0R\0L\0E\0?\0>\0:\06\06\04\02\06\05\0>\0?\0;\0@\0)\0\"\0\0\0\0\n\0\0\\\\0\\\\\\\\\\\\\\\\\\\\\\\\\\\|}onx{|rx{t{|{wyyjsoqsgzo{{{|||zz|~~w}~xmiq^deeel`cg]gX^UYJMA>=-4$((-\'+-*3,\"\Z\Z		##30)$510\'3%$**&.->1MFSLQXV]UVYeVoqw~\\\\\\\\\\\\\\\\\\0\0	\0\0\0\0	\0\0\0\0\Z\0\0\0\0\0\0\0\0 \0\0*\08\0?\0B\0>\0G\0L\0M\0A\0N\0@\0@\09\0<\08\09\0C\0F\0L\0I\0]\0N\0Y\0X\0f\0P\0\\\0X\0X\0^\0K\0P\0V\0R\0K\0[\0]\0j\0^\0r\0~\0o\0m\0n\0l\0i\0n\0l\0f\0d\0d\0h\0e\0v\0\0\0\0\0\0\0\0\0\0\0\0\0\0\0\0\\0\\0\\0\\0\\0\\0\0 +#-)*)$\Z\Z+29=D9K5C6D/:1.,-=96?=98+/\Z\n\0\\0\\0\0\\0\0\0\0\0\0\0\0\0\0\0\0\0q\0b\0\\\0O\0N\0L\0P\0P\0\\\0N\0`\0l\0\\\0j\0e\0s\0d\0d\0R\0V\0:\0@\04\04\05\0+\0=\04\0S\0B\0W\0T\0L\0N\0D\09\08\0.\0\0\0\0\0\0	\0\0\0\0\0!\0\0\Z\0\'\0\0\0\0\0\\\\\\\\0\0\0\\\\\\\\\}yrcokup~t}`]DB8+:4@G[MeZ_a^CNC..,(%/2<?NTWZSZNKGDA?;=@GLTbhmrofpb`JXIDKEFMWWh`ceaLNC75/,.(14:@EEB>?)\r\n\Z\\\\\\\\\\\\\\\\(1(/\'0+#*47ASgp~\\\\\\\\\\\\\\\0\0\0(\0\0$\0!\0$\0\0\Z\0\0\0\0\0\0\0)\0%\05\0-\08\0J\0G\0Q\0U\0@\0G\05\02\02\0+\00\0+\0-\0;\08\0?\0L\0Q\0V\0N\0N\0P\0M\0M\09\0;\0E\02\0:\0@\0B\0K\0M\0W\0e\0c\0Z\0k\0g\0h\0f\0h\0l\0j\0l\0c\0l\0q\0|\0{\0\0\0\0\0\0\0\0\0\0\0\0\0\0\0\\0\\0\\0\\0\0\0\0\0\Z+,56BELVXbc_ahcomgignuv~~~yvy}}urlhagb`^^cXjYTBB6\0\\0\\0\\0\\0\\0\\0\\0\\0\\0\\0\\0\\0\0\0\0\0~\0k\0Z\0e\0Y\0_\0g\0e\0p\0\0}\0\0\0}\0w\0^\0Z\0S\0J\0>\08\0:\06\0;\0@\0V\0Z\0^\0s\0^\0[\0Y\0P\0F\09\01\0\0\0\0\0\0\0\0&\0&\0,\02\0:\0N\0;\0;\03\0\0\0\0\\\\\0\0\Z\0\0\0\0\\\\\\wb^W[]Zpy{}wtXZL0&\" ,1<FGLKE30#\0\n\r#3B;G_>@:#)*\",-4HT^by}^]O?K:LL^bonslhlPC@;54&7&,/-B7H:9+.\\\\0\0\\\\\\\\\\\\\\\\\\\\\\\\\\\\\\$+<JO`U_URZaafg}y\\\\\\\\\\\\\\0\0\0\0\0\0\0\0\r\0\0\0\0%\0#\0)\0-\07\0;\0E\0K\0F\0T\0K\0H\0J\0?\0F\05\01\09\05\0B\0;\0J\0I\0P\0V\0J\0\\\0N\0h\0U\0J\0E\0A\0:\0=\0/\0/\01\02\0H\0>\0S\0[\0K\0_\0f\0b\0d\0X\0`\0S\0L\0Q\0J\0`\0a\0l\0i\0\0{\0\0\0\0\0\0\0\0\0\0\0\0\0\0\0\\0\\0\\0\\0\\0\\0\0\\0\0\0\0\0\r# =7NKR[`movmtt||\\\\\\\~g\\I3-#\r\0\0\0\\0\\0\0\0\0\0y\0z\0r\0z\0t\0|\0}\0\0\0\0\0\0\0r\0\\\0N\0:\02\0/\04\03\0?\0N\0I\0k\0r\0r\0}\0r\0o\0_\0K\0;\0)\0\0\0\0\0\0\0\'\05\0@\0J\0V\0R\0W\0Q\05\0&\0\0\0\0\0\0\\0\0\0%\0(\03\0 \0#\0\0\0\\\\\\\\\\rWU>A>APVd[lkh]K5+\"($$*\r\\\\\\\\\\n\\\\,@:NBGF56&%#& ..>;HQSH<?0+\Z\r%(&(	\\\\\\\\\\\\\\\\pmpxmv\\\\r&!(<LKdr\\\\\	\0\0\0*\0 \0\'\0&\0\'\0$\0$\0#\0\Z\0\'\0#\02\0;\0E\0T\0W\0[\0`\0g\0k\0g\0V\0]\0K\0O\0:\0K\0O\0O\0k\0c\0k\0m\0{\0g\0f\0h\0a\0Q\0L\0D\0K\0:\0C\0R\0P\0Z\0c\0c\0j\0v\0c\0n\0B\0R\0>\05\0D\0&\06\01\01\04\0>\0U\0k\0r\0t\0t\0w\0l\0j\0r\0p\0v\0o\0l\0s\0m\0|\0\0\0\0\0\\0\\0\\0\\0\\0\\0\\0\\0\\0\\0\\0\\0\\0)Kf\\!\'*,	\.Q[lkkd]ZD<$*#*#&5/=>A89)\Z\sWQ9>19+0)\0\\0\0\0v\0h\0F\0J\0M\0D\0<\0]\0i\0u\0\0\0\0\0\0i\0R\0F\02\0(\0\0\0\n\0\0.\0;\0X\0c\0u\0\0t\0\0n\0e\0Q\01\0(\0\0\r\0\0\r\0\0\0\0@\0J\0Q\0g\0k\0]\0h\0_\0Y\0E\0/\0\0\\\\\\\\\\0\0\0\'\0\0\0\0\0\\rK/	\0!=NllqoQ \\\\\&.:\\\\\r	$4\\\\\\\&8[p{piMA(*Lhzf2\\\\\\00][h[Cjih\\\\n5\\\\#1s{L!\zz\ B\\\wM9\r4r\Py\\\0\0\[\\d\,\0Q\0q\0\0\0h\0C\0&\0\kWSM\0.\0\0\0\\0\\0\\0\0\0J\0\0\x\\0`\0\0\0\\0\\0\\0\\0\0b\0;\0\\\r\0:\0o\0\0\\0\\0\0\\0\\0\0\0Q\0\0\\\0L\0\0\0\\0\0#\n\0\\0\0\0|\0l\0f\0c\0\0\0\\0\\02Qty{f\\I?\\Uv\\Z2JjpsXV.\n28S{\wZIER^\\SSnxS60\.t\\\[/\R\\0\0f\0\"\0\0\0\\6yR\\\Q$\0k\0\0\\0\\0\\0\0{\0Z\0>\0*\0=\0d\0\0\0R>_-\j\0|\0\0\\\0R\0o\0\0~\0l\04\0\C\eV9y\9o\\\0\r\0\0\a\{\!W}wZ?\aY6Ia5|\\0\0\0\\\\!\0$\0<\0\0\"\0\\O+\jz{uhZ[QNFY`s\\\\0\/\"!!\n\cvb|uxb6\n\qi\\\\\\04t-\\\r\\P\\\0/\0(\0:\0\0\0\oJ\\\\\\\\\\waUsW\5\0W\0p\0\0\0\0\\0\\0\\0\\0\0R\\ZIh\\X;\\\\fR\0\0\0H\0I\0J\0L\0k\0h\0}\0\0\0v\0\0\0\0\0\06Ji\Q\\\@Tr\\\5x\\\\\\\\\\n\04g63BG\\50#IihhP\N  f\*\0\\\\	P\\\\e?\0\rQ\\\'q-$\kz\(Q&\0\\0`# \P\0\0\YqCw\\0\09\0K\03\0\0\u/J\;Q\n\0\4+\r\\p| \0`\0n\0	\0\3\Z\\\\\\nRv\\\+S\\\(\o\YGfU\\\\\c\/m\\\\k\S\"Q.\s@\\b;06{\P6\rw{\\o\>)\e0\q?\jY\gNQ\\]h\g>W=\0_\0\\0	&\\\\\J\$\\0\\0\0\0\0k\0X\0\f\vt\	m\09\0\0X\0#\0a\0p\0\0\0$t\\Z\ZlUQdk\\Kf\40cIg\-@S2MF?H.2	\>0\~B,,b\R\\D$Z\\f\]\0m\\`ZxtAc1\W\\06>\\I`\l\"\\n\nu	>Z\0W\%\\\q{=:\(R\i\s9hp%\Z\\05\0G_	\\I\rU\rLQ\\3\0\\0S\r\\(\j:Rj2qwwy\\B\\\0\$o@,\j\v\6Om\	l\>\Zc_N\\\\\\VNa\0\s+lx\0d\0\5)\\0\\0\0\0D\0 \'7}M\n	?[B5h\)\ \AR\\s6\0j\0h\0\0\\08Y\\C\\0\0$\0y\e\r1\\sx`\rh\I\\b.\0\0#Q\\\ [\ #%w\shB\0\0\0\\]uJ\\\\R\:\0K\0\0\0\\0\0*?P-\!i2\5`\\?m3y_m`Yk^Q=\"G2T^&$\'Oe<}\\\	r\nq{z\n	\0A1|Yb\cRc(\hi*\\\0\\\\"`oJ	]\nzrl\r\r	ZAT\0\0\:\\\Q\t\3_r\Z\0\r$\e8KR\0\Y\\\T]AT\\<\\\:\Z\0\\0P-D\R\MhZ#\h)\mfd\08\M.7JEBO\(\d\N!\\0i\0]\0-\0\J\\Ew\\\	\\\\\&\0\0\0\0/!79\\0\0E\0\6\\\\\-8\yC,\7\x\6\?X0F\\0=\0\0\0\0\\0&>\*\Xc\0\s\O2xr31GDtv D\K-\0g\0\0\rx\;\"Qb\xUw!jr%\\\\\\\0t\0\0\wTD\!\\9\\2\0.\0\\0\\0Hk\Q\0!]f\\21=SgTo\\\\\\\\W0\~Sd\BR2\	3\no\n\\nr\n\0\nf	<zy\NQ[l\\0DQl\L\0\\\1(Px\n\\r7C\'\rS\f\+\0\\\\k%\e\\\jF1\0Lsp\\\\K\<\{(+\\\myIH8w6|a!P$\0T\0\(\\,:t\\k\\\\0\0\\\Z0i0\\?\\\\06\0\0M\n\G\\\yt3\xf\L\T]\0\0\06\\0\0;\0\0\0B5\XuMYP{{.\nl\\D3\n\D*\t:\0|\0\0:\n!\0G\>\w\0!\05I\\mB$\/_&eA\J\0?\}\0\0:!\g\>\\r\\\2\\h.\BI\0/\0\Z9+*fa>t^B$S=`f\T\0\0\\0|wX\rQ\ZI\YrGvge#\9\n\\\\p5\3mk:T_\09bX#8|\\	\nU\{\n	47)\\07{N\y\\7t&\N \;\\\0-\\s\aU\nT\\r\r\	G\0\\;Pg(\rBS\$_#\E\Z\=\P\0!\0*_\Bc3\qJ\\0]t:6q(o\\0\)\\0m-:W	gdGD&L8\0] \\0`\yD\~OZ\Q[n7\	\0\!\r \3\\\\B8<\y\:\0R\0S\0\"\0\Z+D\'!*\\\j@\\\xm]Bl\'Vvz*y{X\T\r\0\5j\\0[\0\\<@\\:\>\\C?\l{\\-f\0\0kBw\Kb\t~|\\sK=\\\\pm2ghu\0J\0n\5\\Y\ \HI\)\0\0\\0\v\wwdt\\*:[g+zlTTk}1b/fB\K\\\\(\/bV\\rS>)\n:}\r\r7\n!	\$\8\dA\5v.T\,^\0\\>#7g&\nVB#\\n9\0um\|$\\V\\/mU>\\2z\0t%1b\"\0\0<\\\\0z\+<\\\b\0\\0\@jP$c=^\Z		g	\&}u%\%(\0\d!3kn+j\r\\\r\\9\\\5BD\s\\nyH)\~\Ha]f|\|4s\FFYTY\\\\U\\'\\\\em\r7y\tg\7\k\0\\\>h\\\0\0W[\ro\j|1\ZZm\UoKO5s\0]|EKZRO\jhT<G`\xzqB}S\n\\0\\\\\nY\\6\0 \0,\0\0\E\0w\0\\0\0V\){k\\O\b:VR\\\nPj @Y>\0^\\#^\z {*X\D7|#\n\\pP\h\nE\r\(9\\	!OXh{ul5qWr\n3<8\`\0\\2\@$)T\Z\\	sbK\v64IK[\1Z07\0\huEj\z\0$\izSt\'\NJfpA>+VR\rHh\Qtuf\0\\0Uj-f\'		\\:\e\0H\3+\03f\Yi~\'\WL\t\f;Q\'\ng\JMck&\BT#jLJ\	\$b\@DA{\\@+/\@\0hf\\Q\U$\\eb7Bw\0$g-\0\0\0\00\\0qE{\08\0@t\S\jQ\\\;/\G\Tn@\0\0tc(3E\5XB nS\1\'p[\P)\l\0:\0S681=V:=.\\0\0\0\0\0\0 \0\GE\Z({\0\\0b\"$6=#pe\RZ\\>	vm\\s\!\ZE_e,F/@	F		5\\r#e|y\r\\n\\\\0R@2\O1E!:\(B\g|\\B\/Y\'Vxt{\n\r\m,	\\0.\0^Df<\;n\E71 T\\@xOy\\Z\Q\\Zeb\[dZ\\c\3\J\S<h\0\0T\0\\0\ q	!	1\\l\&7*\0b\E_G5v_TD\D\\k]\d\\q\o22.\'\\'H\rZ-)Ph`9\f\s\".gB42\tM\/\r\\3\;\0\0\0\0\0z\1W\0\\0\\5{/b~3\"\rH\'\Ix\\]$\0\0\x#7u\\Zq)b\r\Ip\/\@/RK\L^N<\3\[5Nv\\qz6>\0\\0\0#\Kh7{VP\a\~\n\)m		\	\		\	G	4	]	V		$		\nu	o	 	\(	\=&N\\\\\	\r0T5e\r1&\0\\\\mW\@2r*\\Z\\\A\\\\\Z\v\\\	\r!W\\:\r%	\'E\pSi\\s\&w#\E_\\u\0U9q-\-\\D\a{\P,\)\\\z44*W\MN\\	^\0M\0\0I\&=\\\+		Cn\I8\\\02\rjX\\{_\\\frzH\%^jl%\\}\"+\C\ ]=`\>\\05Z\	Ga\k%\\O\y\\-\Z\.uS\\'\\\\.\<h\O/F\0\\0uVu\0\\5T+!\\R\7s\^!\00\0\0\0\v\0\'\[%5\\\]\}{D\\p	\ -|V )5T5M\1\hw>@j\H_\7b\\\;Lcl\\	.	X			\n\n\\n\\\nr\n\n\n\n\\na\n\			`	\\j2l2F3Q\		a\nG\rqQ<\\rN\n\\0\L j\0B,=}u\(\0d		\n\\\<\0TV3\Z\n4\\	\F?\&S^7Rn9*p\\0Py\\0\Kr3g\}\4G\\\\\s\6\0\\0u%\n~\3\\m\@\\0,b\mqaL/\\\xC]jlg\eK\4qk\[\\6\_\\tWLD\n\\Z\=\b\I}P\Q]\\5\\2)\0vk\\D\\hy\\'H8l\fT\/\"\\\\d\~Az\\t\n\0@\0\0t\?/IJWWF?	\7\7\\\*\$\2\0o\0\0\0\\0)\0\0\0\0\\02\:v>[\U\4	\	a		\n+	W	\\		\'\n	\n5\n\	r\n			R	r	zJ		.	nX	\	\				\	y	k		9	\		U	\n\	\nR\r\rA\\w\nKi\}Vc\\\e|\0kV[\rp\"]\\0\!\n\\hlC\Z~\0\H?0\'\"%\09U@4T\\0\\0yTl\n\\n=\nO\n<^\,\\6\,1[H\T\"2e\'bO\\\7%\0{\0=W\\\\<o6d\0\0R+\$=A!?\2KP|HnZ\\\C^\++&*\9R\$)&\Fn+r\J\4\\\0};z\\\Nu&y\g\\0M@@\\Na4?q}69\J\ZV\ML\\2\N\>\\\9\#\8\0.\0	/J\0\\0\\\		\	\	\		P	7	L\'\n		\				 a\\\0\0\'\\0MS \\0\\08\0N\\0\0iI\\\?	\\\np\nlc\n0\!\m\\r/\r\r\rx\r\3\Z\nm	8a\w				$\nF		o`L\K9Fh	7\n1O\r\C\\\r0	6?P\-#R&`|)3[\Gh\0@Di\	t\n6\r\KeD%!	H\M;v&V\0\\o\n\-\*p~\\r|i(\}\	eU\$3\{Q\fE*\\r\hll\IArH\0/\G =\n\\+\n	$	}l({G\\\\0u\<CS\z\ZG6Z\\\\RG^\nm\0p\?4\F\<\\\iou\"\0\\0\|\0h\+r\\aeE\n(|)\\q\!\=\?\\\\\W\qx$UKP\f$_#M\\d^\\vlK\\0\0Y\\0\0\0X\GT\9\(\0H\\\v?^b\	\\\[\\*\0\E\z\0B\0\\0\\0ZrJ		\nj\ny\O\\\r\rZ\\r\\r\0\L\n~\nK\n\n	\nt\n\		\et#i\$\,	N\n5\n>\n\\n\\n>\n\		\n	\n :\rOdhwU\\\O@\0 cm\mGiyUD\n5\\nh\,\0\0*\n\r[\\\r	\0\0O\0\0F\\\'m\\\$`\0AOLG\Z\|\;9QG[$\\06\\:\\.R\.F7U\\G\\"ToV\[\ZS}%\\$bc\r\\-iQ@po?c;G{\WNk1,Z;,&;D\"p0\\vf\O{8rO\\"z\\E6PiiHm\\m\n\\\qOYag\94\\pB\cknw\QY\dgM<NB\Yc>\rGbu9!\0\0\0\0\0X\0?\0\\\0\\0\K-\^72\ \0\0\0R\0,T\Z\rZt\^Z\q\\	\n\\n=\n	\<Z\nme\(\\\\x\0\\08 :\zv\	\\NC			\1\r\r\\r\\r\r\r,\n{n:\\n\	\(#\}\\qSA.nX	^\nL\ry\5)Ie}G\r7\rQ	+=f\0\\\\ZR6\_\\\\k\0\0\\o\n\"Al1+7\'\ntD\y\\\4\0\\0^\Q\\\0(\n=\\Tp\0`\\0\\05J\B\0\H^dI`c\\PE6\v\<4i\5\!K\n_\[\\)3-\\G\\3\0\Ibs&8w\)m\3 \)\<\m\'W-\*kPO\(\hF\\-C\/%\`F\V\O\\Y\F\V%\'\[[hDioy?)\{\\0a\0y\0\00\\II\r\0\lW]e%O$Jg\\}&\\O\0<*Uy\\nW\\4j\'}\V+\\0\w{\\NV\Q>7\"1\>00\\q\A+j.+Kw\D!W\\	j	\		\	T\nm	\n\nJ\n\\n\\n#V\n\\n-\n\n			(	\	V		\\p	%\R	D	c	X\n`\n?\\r\rB\r\\r\'\rK \0Ri\~^p\\j\a\0\0 \"	f+\r}\r\"\r\n\+\\	\y\r\\n\.WN\0\==KI7\	m_*\0~u\$\$\0\?\g^\3ri\\P\\C\\\1E\A\	\1\rH\\E\^F.OM#\0\0vI\\\s*\\RKQ\"9s?\\*\jB^e\3(Ec_B	{\\\7uL\:4/?P\L\}Y\\8Q[\\[r\E#z\\\\\z%\{\)Z0>\\0Y\0$\0\\J\L}hY@)[.g4\\\rnU^*\0V\0,\0\0\\0O\0\\mLT>F\]\f\\Om\\dv[\/\\0(\'\0\0C\3\Zx\veU\\.r:\n\?DnS\E;\n=I	1%	\		\n	\	(		_\7	a			J\nd	~	P\PZ\W\'	\+\r\3	|	\\nR\nr	\8\0d`BsyT\0)g\1\0\6\v\n\n&\0h\0/\	\\n\\n	X\0j\0f\0|8\0_\[_\\0v\\0e\0\\x\YD7?\n]X7\Xn$?B\nnX\\h\n*\%\0\0$r\\0\\\0\\0]dK\0\0v+\0 ]\M.Au\\\J\\\\gi\\_c\Wb^\~\5:l;\hnGg\\$I!^F\En4oMw28,d\k\QUC\\vJ>	\vJR9.5f,\\tV\9j@<v,)^5\xcaGQ\}L\\\!X\\sQ.\0Z1GN\"\0\0,U! a\0/$\0[9>*\Z?&Fwn\\Lw\\\Tk\*8\M\Z>&*\\\\A\aOS	G	K		i	:	xc\\\TTjJE3\"4- e\k\nl(Wmj\\0?bV>\0\\0@\\\\0\\0#y7]\n\0\N\+;\\\0\\\0['),(4,1,1,2,0,0,'2023-05-18 21:53:27','视频聊天',NULL),(5,2,2,1,0,0,'2023-05-18 21:53:30','答应视频聊天',NULL),(6,2,2,1,0,0,'2023-05-18 21:53:49','视频聊天已结束',NULL),(7,2,2,1,0,0,'2023-05-18 21:53:51','一起游戏吧',NULL),(8,1,1,2,0,0,'2023-05-18 21:53:55','开一把',NULL),(9,2,2,1,0,0,'2023-05-18 21:54:14','结束游戏',NULL);
/*!40000 ALTER TABLE `chat_message` ENABLE KEYS */;
UNLOCK TABLES;

--
-- Table structure for table `chat_user_link`
--

DROP TABLE IF EXISTS `chat_user_link`;
/*!40101 SET @saved_cs_client     = @@character_set_client */;
/*!50503 SET character_set_client = utf8mb4 */;
CREATE TABLE `chat_user_link` (
  `link_id` int NOT NULL AUTO_INCREMENT,
  `from_user` int DEFAULT NULL,
  `to_user` int DEFAULT NULL,
  `create_time` varchar(45) DEFAULT NULL,
  `is_black` int DEFAULT NULL,
  PRIMARY KEY (`link_id`),
  KEY `link_from_user_idx` (`from_user`),
  KEY `link_to_user_idx` (`to_user`),
  CONSTRAINT `link_from_user` FOREIGN KEY (`from_user`) REFERENCES `user` (`id`),
  CONSTRAINT `link_to_user` FOREIGN KEY (`to_user`) REFERENCES `user` (`id`)
) ENGINE=InnoDB AUTO_INCREMENT=9 DEFAULT CHARSET=utf8mb4 COLLATE=utf8mb4_0900_ai_ci;
/*!40101 SET character_set_client = @saved_cs_client */;

--
-- Dumping data for table `chat_user_link`
--

LOCK TABLES `chat_user_link` WRITE;
/*!40000 ALTER TABLE `chat_user_link` DISABLE KEYS */;
INSERT INTO `chat_user_link` VALUES (1,1,2,'1',0),(2,2,1,'1',0),(3,1,3,'1',0),(4,3,1,'1',0),(5,2,3,'1',0),(6,3,2,'1',0),(7,1,4,'1',0),(8,4,1,'1',0);
/*!40000 ALTER TABLE `chat_user_link` ENABLE KEYS */;
UNLOCK TABLES;

--
-- Table structure for table `user`
--

DROP TABLE IF EXISTS `user`;
/*!40101 SET @saved_cs_client     = @@character_set_client */;
/*!50503 SET character_set_client = utf8mb4 */;
CREATE TABLE `user` (
  `id` int NOT NULL AUTO_INCREMENT,
  `name` varchar(45) DEFAULT NULL,
  `password` varchar(45) DEFAULT NULL,
  PRIMARY KEY (`id`)
) ENGINE=InnoDB AUTO_INCREMENT=5 DEFAULT CHARSET=utf8mb4 COLLATE=utf8mb4_0900_ai_ci;
/*!40101 SET character_set_client = @saved_cs_client */;

--
-- Dumping data for table `user`
--

LOCK TABLES `user` WRITE;
/*!40000 ALTER TABLE `user` DISABLE KEYS */;
INSERT INTO `user` VALUES (1,'小明','1'),(2,'小红','2'),(3,'小李','3'),(4,'小王','4');
/*!40000 ALTER TABLE `user` ENABLE KEYS */;
UNLOCK TABLES;
/*!40103 SET TIME_ZONE=@OLD_TIME_ZONE */;

/*!40101 SET SQL_MODE=@OLD_SQL_MODE */;
/*!40014 SET FOREIGN_KEY_CHECKS=@OLD_FOREIGN_KEY_CHECKS */;
/*!40014 SET UNIQUE_CHECKS=@OLD_UNIQUE_CHECKS */;
/*!40101 SET CHARACTER_SET_CLIENT=@OLD_CHARACTER_SET_CLIENT */;
/*!40101 SET CHARACTER_SET_RESULTS=@OLD_CHARACTER_SET_RESULTS */;
/*!40101 SET COLLATION_CONNECTION=@OLD_COLLATION_CONNECTION */;
/*!40111 SET SQL_NOTES=@OLD_SQL_NOTES */;

-- Dump completed on 2023-05-18 21:56:20
